-- --------------------------------------------------------
-- Host:                         138.219.42.11
-- Versión del servidor:         5.5.47-0ubuntu0.14.04.1 - (Ubuntu)
-- SO del servidor:              debian-linux-gnu
-- HeidiSQL Versión:             8.3.0.4694
-- --------------------------------------------------------

/*!40101 SET @OLD_CHARACTER_SET_CLIENT=@@CHARACTER_SET_CLIENT */;
/*!40101 SET NAMES utf8 */;
/*!40014 SET @OLD_FOREIGN_KEY_CHECKS=@@FOREIGN_KEY_CHECKS, FOREIGN_KEY_CHECKS=0 */;
/*!40101 SET @OLD_SQL_MODE=@@SQL_MODE, SQL_MODE='NO_AUTO_VALUE_ON_ZERO' */;

-- Volcando estructura de base de datos para nuova
CREATE DATABASE IF NOT EXISTS `nuova` /*!40100 DEFAULT CHARACTER SET utf8 COLLATE utf8_bin */;
USE `nuova`;


-- Volcando estructura para tabla nuova.caja
CREATE TABLE IF NOT EXISTS `caja` (
  `caja_id` int(11) NOT NULL AUTO_INCREMENT,
  `concepto` int(11) DEFAULT NULL,
  `ingreso` double(10,2) DEFAULT '0.00',
  `egreso` double(10,2) DEFAULT '0.00',
  `fecha` timestamp NULL DEFAULT NULL,
  `numero_referencia` int(11) DEFAULT NULL,
  PRIMARY KEY (`caja_id`),
  KEY `caja_id` (`caja_id`)
) ENGINE=InnoDB AUTO_INCREMENT=27 DEFAULT CHARSET=utf8 COLLATE=utf8_bin;

-- Volcando datos para la tabla nuova.caja: ~20 rows (aproximadamente)
DELETE FROM `caja`;
/*!40000 ALTER TABLE `caja` DISABLE KEYS */;
INSERT INTO `caja` (`caja_id`, `concepto`, `ingreso`, `egreso`, `fecha`, `numero_referencia`) VALUES
	(7, 1, 40.00, 0.00, '2016-02-13 15:43:01', NULL),
	(8, 1, 40.00, 0.00, '2016-02-21 10:27:40', NULL),
	(9, 1, 20.00, 0.00, '2016-02-21 21:36:14', NULL),
	(10, 1, NULL, 0.00, '2016-02-22 01:03:49', NULL),
	(11, 1, NULL, 0.00, '2016-02-22 01:10:04', NULL),
	(12, 1, NULL, 0.00, '2016-02-23 20:24:30', NULL),
	(13, 1, NULL, 0.00, '2016-02-23 20:24:56', NULL),
	(14, 1, NULL, 0.00, '2016-02-23 20:32:31', NULL),
	(15, 0, 200.00, 0.00, '2016-03-04 00:00:00', NULL),
	(16, 1, 50.00, 0.00, '2016-03-04 21:04:46', NULL),
	(17, 1, 20.00, 0.00, '2016-03-04 21:05:34', NULL),
	(18, 101, 0.00, 300.00, '2016-03-04 00:00:00', NULL),
	(19, 1, 40.00, 0.00, '2016-03-04 21:06:41', NULL),
	(20, 0, 3222.00, 0.00, '2016-03-05 00:00:00', NULL),
	(21, 0, 52.56, 0.00, '2016-03-05 00:00:00', NULL),
	(22, 1, 40.00, 0.00, '2016-03-08 20:26:04', NULL),
	(23, 0, 40.00, 0.00, '2016-03-08 00:00:00', NULL),
	(24, 100, 0.00, 50.00, '2016-03-08 00:00:00', NULL),
	(25, 102, 0.00, 20.02, '2016-03-08 00:00:00', NULL),
	(26, 1, NULL, 0.00, '2016-03-08 20:38:23', NULL);
/*!40000 ALTER TABLE `caja` ENABLE KEYS */;


-- Volcando estructura para tabla nuova.caja_cierre
CREATE TABLE IF NOT EXISTS `caja_cierre` (
  `caja_cierre_id` int(11) NOT NULL AUTO_INCREMENT,
  `fecha_cierre` date DEFAULT NULL,
  `monto` double DEFAULT NULL,
  PRIMARY KEY (`caja_cierre_id`),
  KEY `caja_cierre_id` (`caja_cierre_id`)
) ENGINE=InnoDB AUTO_INCREMENT=9 DEFAULT CHARSET=utf8 COLLATE=utf8_bin;

-- Volcando datos para la tabla nuova.caja_cierre: ~1 rows (aproximadamente)
DELETE FROM `caja_cierre`;
/*!40000 ALTER TABLE `caja_cierre` DISABLE KEYS */;
INSERT INTO `caja_cierre` (`caja_cierre_id`, `fecha_cierre`, `monto`) VALUES
	(8, '2016-03-08', 9.980000000000004);
/*!40000 ALTER TABLE `caja_cierre` ENABLE KEYS */;


-- Volcando estructura para tabla nuova.caja_egresos
CREATE TABLE IF NOT EXISTS `caja_egresos` (
  `caja_egreso_id` int(11) NOT NULL AUTO_INCREMENT,
  `egreso` varchar(256) COLLATE utf8_bin DEFAULT NULL,
  `activo` tinyint(4) DEFAULT '1',
  PRIMARY KEY (`caja_egreso_id`),
  KEY `caja_egreso_id` (`caja_egreso_id`)
) ENGINE=InnoDB AUTO_INCREMENT=6 DEFAULT CHARSET=utf8 COLLATE=utf8_bin;

-- Volcando datos para la tabla nuova.caja_egresos: ~5 rows (aproximadamente)
DELETE FROM `caja_egresos`;
/*!40000 ALTER TABLE `caja_egresos` DISABLE KEYS */;
INSERT INTO `caja_egresos` (`caja_egreso_id`, `egreso`, `activo`) VALUES
	(1, 'ARTICULOS DE LIMPIEZA', 1),
	(2, 'ARTICULOS DE LIBRERIA', 1),
	(3, 'CADETES', 1),
	(4, 'REMIS / TAXIS / BUS', 1),
	(5, 'GASTOS GENERALES', 1);
/*!40000 ALTER TABLE `caja_egresos` ENABLE KEYS */;


-- Volcando estructura para tabla nuova.caja_orden
CREATE TABLE IF NOT EXISTS `caja_orden` (
  `caja_orden_id` int(11) NOT NULL AUTO_INCREMENT,
  `orden_id` int(11) DEFAULT NULL,
  `caja_id` int(11) DEFAULT NULL,
  PRIMARY KEY (`caja_orden_id`),
  KEY `caja_orden_id` (`caja_orden_id`),
  KEY `FK_caja_orden_caja` (`caja_id`),
  KEY `FK_caja_orden_orden` (`orden_id`),
  CONSTRAINT `FK_caja_orden_caja` FOREIGN KEY (`caja_id`) REFERENCES `caja` (`caja_id`),
  CONSTRAINT `FK_caja_orden_orden` FOREIGN KEY (`orden_id`) REFERENCES `orden` (`orden_id`)
) ENGINE=InnoDB AUTO_INCREMENT=20 DEFAULT CHARSET=utf8 COLLATE=utf8_bin;

-- Volcando datos para la tabla nuova.caja_orden: ~13 rows (aproximadamente)
DELETE FROM `caja_orden`;
/*!40000 ALTER TABLE `caja_orden` DISABLE KEYS */;
INSERT INTO `caja_orden` (`caja_orden_id`, `orden_id`, `caja_id`) VALUES
	(7, 44, 7),
	(8, 45, 8),
	(9, 46, 9),
	(10, 47, 10),
	(11, 48, 11),
	(12, 49, 12),
	(13, 50, 13),
	(14, 51, 14),
	(15, 52, 16),
	(16, 53, 17),
	(17, 54, 19),
	(18, 55, 22),
	(19, 56, 26);
/*!40000 ALTER TABLE `caja_orden` ENABLE KEYS */;


-- Volcando estructura para tabla nuova.calendario
CREATE TABLE IF NOT EXISTS `calendario` (
  `calendario_id` int(11) NOT NULL AUTO_INCREMENT,
  `resource` char(50) COLLATE utf8_bin DEFAULT NULL,
  `start` timestamp NULL DEFAULT NULL,
  `end` timestamp NULL DEFAULT NULL,
  `title` varchar(256) COLLATE utf8_bin DEFAULT NULL,
  PRIMARY KEY (`calendario_id`),
  KEY `calendario_id` (`calendario_id`)
) ENGINE=InnoDB AUTO_INCREMENT=31 DEFAULT CHARSET=utf8 COLLATE=utf8_bin;

-- Volcando datos para la tabla nuova.calendario: ~2 rows (aproximadamente)
DELETE FROM `calendario`;
/*!40000 ALTER TABLE `calendario` DISABLE KEYS */;
INSERT INTO `calendario` (`calendario_id`, `resource`, `start`, `end`, `title`) VALUES
	(29, 'b', '2016-03-01 00:00:00', '2016-03-10 00:00:00', 'LOPEZ, JULIO ARMANDO'),
	(30, 'b', '2016-03-22 00:00:00', '2016-03-24 00:00:00', 'LOPEZ, JULIO ARMANDO');
/*!40000 ALTER TABLE `calendario` ENABLE KEYS */;


-- Volcando estructura para tabla nuova.especialidad
CREATE TABLE IF NOT EXISTS `especialidad` (
  `especialidad_id` int(11) NOT NULL AUTO_INCREMENT,
  `nombre` varchar(256) COLLATE utf8_bin DEFAULT '0',
  PRIMARY KEY (`especialidad_id`),
  KEY `id` (`especialidad_id`)
) ENGINE=InnoDB AUTO_INCREMENT=24 DEFAULT CHARSET=utf8 COLLATE=utf8_bin;

-- Volcando datos para la tabla nuova.especialidad: ~8 rows (aproximadamente)
DELETE FROM `especialidad`;
/*!40000 ALTER TABLE `especialidad` DISABLE KEYS */;
INSERT INTO `especialidad` (`especialidad_id`, `nombre`) VALUES
	(1, 'PEDIATRA'),
	(2, 'CLINICO'),
	(3, 'ODONTOLOGO'),
	(5, 'TRAUMATOLOGO'),
	(7, 'PSICOLOGO'),
	(16, 'TEST ESPECIALIDAD 4'),
	(17, 'TEST ESPECIALIDAD 5'),
	(23, 'GINECOLOGIA');
/*!40000 ALTER TABLE `especialidad` ENABLE KEYS */;


-- Volcando estructura para tabla nuova.obrasocial
CREATE TABLE IF NOT EXISTS `obrasocial` (
  `obrasocial_id` int(11) NOT NULL AUTO_INCREMENT,
  `nombre` varchar(256) COLLATE utf8_bin DEFAULT NULL,
  PRIMARY KEY (`obrasocial_id`),
  KEY `obrasocialId` (`obrasocial_id`)
) ENGINE=InnoDB AUTO_INCREMENT=19 DEFAULT CHARSET=utf8 COLLATE=utf8_bin;

-- Volcando datos para la tabla nuova.obrasocial: ~13 rows (aproximadamente)
DELETE FROM `obrasocial`;
/*!40000 ALTER TABLE `obrasocial` DISABLE KEYS */;
INSERT INTO `obrasocial` (`obrasocial_id`, `nombre`) VALUES
	(1, 'OSDE'),
	(2, 'SWISS MEDICAL'),
	(3, 'SUBSIDIO DE SALUD'),
	(4, 'PRENSA'),
	(7, 'Test OS 1'),
	(8, 'Test OS 2'),
	(9, 'Test OS 3'),
	(10, 'Test OS 4'),
	(11, 'Test OS 5'),
	(12, 'Test OS 6'),
	(13, 'Test OS 7'),
	(14, 'ASOCIART'),
	(18, 'O.S.P.S.I.P');
/*!40000 ALTER TABLE `obrasocial` ENABLE KEYS */;


-- Volcando estructura para tabla nuova.observaciones
CREATE TABLE IF NOT EXISTS `observaciones` (
  `observacion_id` int(11) NOT NULL AUTO_INCREMENT,
  `observacion` varchar(512) COLLATE utf8_bin DEFAULT NULL,
  `orden_id` int(11) DEFAULT NULL,
  `user_name` varchar(160) COLLATE utf8_bin DEFAULT NULL,
  `fecha` datetime DEFAULT NULL,
  PRIMARY KEY (`observacion_id`),
  KEY `observacion_id` (`observacion_id`),
  KEY `FK_observaciones_orden` (`orden_id`),
  CONSTRAINT `FK_observaciones_orden` FOREIGN KEY (`orden_id`) REFERENCES `orden` (`orden_id`)
) ENGINE=InnoDB AUTO_INCREMENT=52 DEFAULT CHARSET=utf8 COLLATE=utf8_bin;

-- Volcando datos para la tabla nuova.observaciones: ~4 rows (aproximadamente)
DELETE FROM `observaciones`;
/*!40000 ALTER TABLE `observaciones` DISABLE KEYS */;
INSERT INTO `observaciones` (`observacion_id`, `observacion`, `orden_id`, `user_name`, `fecha`) VALUES
	(48, 'ESTO ES UNA PRUEBA DE UNA ORDEN DE PRACTICA', 44, 'administrador@nuova.com', '2016-02-13 15:43:01'),
	(49, 'ESTO ES OTRO COMENTARIO DE OBSERVACIONES', 44, 'administrador@nuova.com', '2016-02-13 15:44:46'),
	(50, 'Pago 20 pesos', 46, 'virginia.gottardi@nuova.com', '2016-02-21 21:36:14'),
	(51, 'sad asd as asd a', 53, 'administrador@nuovamed.com', '2016-03-04 21:05:34');
/*!40000 ALTER TABLE `observaciones` ENABLE KEYS */;


-- Volcando estructura para tabla nuova.orden
CREATE TABLE IF NOT EXISTS `orden` (
  `orden_id` int(11) NOT NULL AUTO_INCREMENT,
  `paciente_id` int(11) DEFAULT NULL,
  `fecha` date DEFAULT '0000-00-00',
  `orden_tipo` int(11) DEFAULT NULL,
  `req_orden_medico` tinyint(4) DEFAULT '0',
  `req_credecial` tinyint(4) DEFAULT '0',
  `req_recibo_sueldo` tinyint(4) DEFAULT '0',
  `req_monotributista` tinyint(4) DEFAULT '0',
  `estado` varchar(160) COLLATE utf8_bin DEFAULT '0',
  PRIMARY KEY (`orden_id`),
  KEY `orden_id` (`orden_id`),
  KEY `FK_orden_paciente` (`paciente_id`),
  KEY `FK_orden_orden_tipo` (`orden_tipo`),
  CONSTRAINT `FK_orden_orden_tipo` FOREIGN KEY (`orden_tipo`) REFERENCES `orden_tipo` (`orden_tipo_id`),
  CONSTRAINT `FK_orden_paciente` FOREIGN KEY (`paciente_id`) REFERENCES `paciente` (`paciente_id`)
) ENGINE=InnoDB AUTO_INCREMENT=57 DEFAULT CHARSET=utf8 COLLATE=utf8_bin;

-- Volcando datos para la tabla nuova.orden: ~13 rows (aproximadamente)
DELETE FROM `orden`;
/*!40000 ALTER TABLE `orden` DISABLE KEYS */;
INSERT INTO `orden` (`orden_id`, `paciente_id`, `fecha`, `orden_tipo`, `req_orden_medico`, `req_credecial`, `req_recibo_sueldo`, `req_monotributista`, `estado`) VALUES
	(44, 183, '2016-02-13', 3, 1, 1, 0, 1, 'EN_OBSERVACION'),
	(45, 184, '2016-02-21', 1, 1, 1, 0, 1, 'PENDIENTE'),
	(46, 183, '2016-02-21', 2, 1, 1, 1, 0, 'PENDIENTE'),
	(47, 184, '2016-02-22', 1, 0, 0, 0, 0, 'INCOMPLETA'),
	(48, 184, '2016-02-22', 1, 0, 0, 0, 0, 'INCOMPLETA'),
	(49, 185, '2016-02-23', 1, 0, 1, 1, 0, 'INCOMPLETA'),
	(50, 185, '2016-02-23', 1, 0, 1, 1, 0, 'INCOMPLETA'),
	(51, 185, '2016-02-23', 1, 0, 0, 0, 0, 'INCOMPLETA'),
	(52, 185, '2016-03-04', 1, 1, 1, 0, 1, 'PENDIENTE'),
	(53, 184, '2016-03-04', 2, 1, 1, 0, 1, 'PENDIENTE'),
	(54, 183, '2016-03-04', 1, 1, 1, 0, 1, 'PENDIENTE'),
	(55, 190, '2016-03-08', 1, 1, 0, 1, 1, 'INCOMPLETA'),
	(56, 190, '2016-03-08', 3, 0, 1, 0, 1, 'AUTORIZADA');
/*!40000 ALTER TABLE `orden` ENABLE KEYS */;


-- Volcando estructura para tabla nuova.orden_practica
CREATE TABLE IF NOT EXISTS `orden_practica` (
  `ordden_practica_id` int(11) NOT NULL AUTO_INCREMENT,
  `orden_id` int(11) DEFAULT '0',
  `practica_id` int(11) DEFAULT '0',
  `fecha` date DEFAULT NULL,
  PRIMARY KEY (`ordden_practica_id`),
  KEY `ordden_practica_id` (`ordden_practica_id`),
  KEY `FK__orden` (`orden_id`),
  KEY `FK__practica` (`practica_id`),
  CONSTRAINT `FK__orden` FOREIGN KEY (`orden_id`) REFERENCES `orden` (`orden_id`),
  CONSTRAINT `FK__practica` FOREIGN KEY (`practica_id`) REFERENCES `practica` (`practica_id`)
) ENGINE=InnoDB AUTO_INCREMENT=63 DEFAULT CHARSET=utf8 COLLATE=utf8_bin;

-- Volcando datos para la tabla nuova.orden_practica: ~5 rows (aproximadamente)
DELETE FROM `orden_practica`;
/*!40000 ALTER TABLE `orden_practica` DISABLE KEYS */;
INSERT INTO `orden_practica` (`ordden_practica_id`, `orden_id`, `practica_id`, `fecha`) VALUES
	(52, 44, 376, '2016-02-13'),
	(53, 44, 839, '2016-02-13'),
	(54, 44, 383, '2016-02-13'),
	(61, 56, 18, '2016-03-08'),
	(62, 56, 31, '2016-03-08');
/*!40000 ALTER TABLE `orden_practica` ENABLE KEYS */;


-- Volcando estructura para tabla nuova.orden_profesional
CREATE TABLE IF NOT EXISTS `orden_profesional` (
  `orden_profesional_id` int(11) NOT NULL AUTO_INCREMENT,
  `orden_id` int(11) DEFAULT NULL,
  `profesional_id` int(11) DEFAULT NULL,
  PRIMARY KEY (`orden_profesional_id`),
  KEY `orden_profesional_id` (`orden_profesional_id`),
  KEY `FK__orden_profe` (`orden_id`),
  KEY `FK__profesional_orden` (`profesional_id`),
  CONSTRAINT `FK__orden_profe` FOREIGN KEY (`orden_id`) REFERENCES `orden` (`orden_id`),
  CONSTRAINT `FK__profesional_orden` FOREIGN KEY (`profesional_id`) REFERENCES `profesional` (`profesional_id`)
) ENGINE=InnoDB AUTO_INCREMENT=7 DEFAULT CHARSET=utf8 COLLATE=utf8_bin;

-- Volcando datos para la tabla nuova.orden_profesional: ~6 rows (aproximadamente)
DELETE FROM `orden_profesional`;
/*!40000 ALTER TABLE `orden_profesional` DISABLE KEYS */;
INSERT INTO `orden_profesional` (`orden_profesional_id`, `orden_id`, `profesional_id`) VALUES
	(1, 45, 3),
	(2, 47, NULL),
	(3, 50, 12),
	(4, 52, 12),
	(5, 54, 3),
	(6, 55, 12);
/*!40000 ALTER TABLE `orden_profesional` ENABLE KEYS */;


-- Volcando estructura para tabla nuova.orden_tipo
CREATE TABLE IF NOT EXISTS `orden_tipo` (
  `orden_tipo_id` int(11) NOT NULL AUTO_INCREMENT,
  `nombre` varchar(256) COLLATE utf8_bin DEFAULT NULL,
  `monto_1` double(10,2) DEFAULT '0.00',
  `monto_2` double(10,2) DEFAULT '0.00',
  `monto_3` double(10,2) DEFAULT '0.00',
  `codigo` int(11) DEFAULT NULL,
  PRIMARY KEY (`orden_tipo_id`),
  KEY `orden_tipo_id` (`orden_tipo_id`)
) ENGINE=InnoDB AUTO_INCREMENT=4 DEFAULT CHARSET=utf8 COLLATE=utf8_bin;

-- Volcando datos para la tabla nuova.orden_tipo: ~3 rows (aproximadamente)
DELETE FROM `orden_tipo`;
/*!40000 ALTER TABLE `orden_tipo` DISABLE KEYS */;
INSERT INTO `orden_tipo` (`orden_tipo_id`, `nombre`, `monto_1`, `monto_2`, `monto_3`, `codigo`) VALUES
	(1, 'CONSULTAS', 0.00, 40.00, 50.00, 100),
	(2, 'ODONTOLÓGICA', 20.00, 15.00, 10.00, 101),
	(3, 'PRÁCTICA', 0.00, 0.00, 0.00, 102);
/*!40000 ALTER TABLE `orden_tipo` ENABLE KEYS */;


-- Volcando estructura para tabla nuova.orden_workflow
CREATE TABLE IF NOT EXISTS `orden_workflow` (
  `orden_workflow_id` int(11) NOT NULL AUTO_INCREMENT,
  `orden_id` int(11) DEFAULT NULL,
  `user_name` varchar(164) COLLATE utf8_bin DEFAULT NULL,
  `estado` varchar(164) COLLATE utf8_bin DEFAULT NULL,
  `fecha` datetime DEFAULT NULL,
  PRIMARY KEY (`orden_workflow_id`),
  KEY `orden_workflow_id` (`orden_workflow_id`),
  KEY `FK_orden_workflow_orden` (`orden_id`),
  CONSTRAINT `FK_orden_workflow_orden` FOREIGN KEY (`orden_id`) REFERENCES `orden` (`orden_id`)
) ENGINE=InnoDB AUTO_INCREMENT=90 DEFAULT CHARSET=utf8 COLLATE=utf8_bin;

-- Volcando datos para la tabla nuova.orden_workflow: ~16 rows (aproximadamente)
DELETE FROM `orden_workflow`;
/*!40000 ALTER TABLE `orden_workflow` DISABLE KEYS */;
INSERT INTO `orden_workflow` (`orden_workflow_id`, `orden_id`, `user_name`, `estado`, `fecha`) VALUES
	(74, 44, 'administrador@nuova.com', 'PENDIENTE', '2016-02-13 15:43:01'),
	(75, 44, 'administrador@nuova.com', 'EN_OBSERVACION', '2016-02-13 15:44:23'),
	(76, 45, 'administrador@nuova.com', 'PENDIENTE', '2016-02-21 10:27:40'),
	(77, 46, 'virginia.gottardi@nuova.com', 'PENDIENTE', '2016-02-21 21:36:14'),
	(78, 47, 'virginia.gottardi@nuova.com', 'INCOMPLETA', '2016-02-22 01:03:49'),
	(79, 48, 'virginia.gottardi@nuova.com', 'INCOMPLETA', '2016-02-22 01:10:04'),
	(80, 49, 'virginia.gottardi@nuova.com', 'INCOMPLETA', '2016-02-23 20:24:30'),
	(81, 50, 'virginia.gottardi@nuova.com', 'INCOMPLETA', '2016-02-23 20:24:56'),
	(82, 51, 'virginia.gottardi@nuova.com', 'INCOMPLETA', '2016-02-23 20:32:31'),
	(83, 52, 'administrador@nuovamed.com', 'PENDIENTE', '2016-03-04 21:04:46'),
	(84, 53, 'administrador@nuovamed.com', 'PENDIENTE', '2016-03-04 21:05:34'),
	(85, 54, 'administrador@nuovamed.com', 'PENDIENTE', '2016-03-04 21:06:41'),
	(86, 55, 'virginia.gottardi@nuovamed.com', 'INCOMPLETA', '2016-03-08 20:26:04'),
	(87, 56, 'virginia.gottardi@nuovamed.com', 'INCOMPLETA', '2016-03-08 20:38:23'),
	(88, 56, 'virginia.gottardi@nuovamed.com', 'PENDIENTE', '2016-03-08 20:52:16'),
	(89, 56, 'virginia.gottardi@nuovamed.com', 'AUTORIZADA', '2016-03-08 20:54:46');
/*!40000 ALTER TABLE `orden_workflow` ENABLE KEYS */;


-- Volcando estructura para tabla nuova.paciente
CREATE TABLE IF NOT EXISTS `paciente` (
  `paciente_id` int(11) NOT NULL AUTO_INCREMENT,
  `apellido` varchar(256) COLLATE utf8_bin DEFAULT '0',
  `nombre` varchar(256) COLLATE utf8_bin DEFAULT '0',
  `fecha_nacimiento` date DEFAULT '0000-00-00',
  `domicilio` varchar(512) COLLATE utf8_bin DEFAULT '0',
  `telefono` varchar(56) COLLATE utf8_bin DEFAULT '0',
  `mail` varchar(128) COLLATE utf8_bin DEFAULT '0',
  `coseguro` tinyint(4) DEFAULT '0',
  `adherente_id` int(11) DEFAULT NULL,
  `dni` int(11) DEFAULT NULL,
  `provincia` varchar(156) COLLATE utf8_bin DEFAULT NULL,
  `parentesco` tinyint(4) DEFAULT NULL,
  `zona_afiliacion` varchar(156) COLLATE utf8_bin DEFAULT '-1',
  PRIMARY KEY (`paciente_id`),
  KEY `pacienteId` (`paciente_id`),
  KEY `FK_paciente_paciente` (`adherente_id`),
  CONSTRAINT `FK_paciente_paciente` FOREIGN KEY (`adherente_id`) REFERENCES `paciente` (`paciente_id`)
) ENGINE=InnoDB AUTO_INCREMENT=191 DEFAULT CHARSET=utf8 COLLATE=utf8_bin;

-- Volcando datos para la tabla nuova.paciente: ~8 rows (aproximadamente)
DELETE FROM `paciente`;
/*!40000 ALTER TABLE `paciente` DISABLE KEYS */;
INSERT INTO `paciente` (`paciente_id`, `apellido`, `nombre`, `fecha_nacimiento`, `domicilio`, `telefono`, `mail`, `coseguro`, `adherente_id`, `dni`, `provincia`, `parentesco`, `zona_afiliacion`) VALUES
	(183, 'LEDESMA', 'IGNACIO', '1983-10-27', 'ASDASDASDADA', '45218741', 'asdasdad@asdad.com', 0, NULL, 28797545, 'Tucumán', 0, 'Tucumán'),
	(184, 'GOTTARDI', 'MARIA VIRGINIA', '2018-03-02', 'ASDASDASDADA', '45218741', 'asdasdad@asdad.com', 1, 183, 31812915, 'Tucumán', 2, NULL),
	(185, 'PERINETTI', 'RODOLFO', '1974-11-11', 'BUENOS AIRES 4500', '4356520', '', 1, NULL, 24253577, 'Tucumán', 0, 'Tucumán'),
	(186, 'PERINETTI', 'MARIA', NULL, 'BUENOS AIRES 4500', '4356520', '', 0, 185, 31812915, 'Tucumán', 1, NULL),
	(187, 'ROUCO', 'VIRGINIA', '2016-03-15', 'IJJNJNN', '4352070', '', 1, NULL, 10220512, 'Tucumán', 0, 'Tucumán'),
	(188, 'ROUCO', 'VIRGINIA', '2016-03-15', 'IJJNJNN', '4352070', '', 1, NULL, 10220512, 'Tucumán', 0, 'Tucumán'),
	(189, 'BRITEZ', 'PAULA', '2016-03-07', 'FERERER', '', '', 1, NULL, 32084220, 'Córdoba', 0, 'Tucumán'),
	(190, 'ARJONA', 'MIGUEL', '2016-03-09', 'JFJYJTDY', '9999999', '', 0, NULL, 29878065, 'Tucumán', 0, 'Tucumán');
/*!40000 ALTER TABLE `paciente` ENABLE KEYS */;


-- Volcando estructura para tabla nuova.paciente_obrasocial
CREATE TABLE IF NOT EXISTS `paciente_obrasocial` (
  `paciente_obrasocial_id` int(11) NOT NULL AUTO_INCREMENT,
  `nro_credencial` varchar(256) COLLATE utf8_bin DEFAULT '0',
  `provisorio` tinyint(4) DEFAULT '0',
  `obrasocial_id` int(11) DEFAULT '0',
  `paciente_id` int(11) DEFAULT '0',
  `fecha` date DEFAULT '0000-00-00',
  PRIMARY KEY (`paciente_obrasocial_id`),
  KEY `paciente_obrasocial_id` (`paciente_obrasocial_id`),
  KEY `FK_paciente_obrasocial_obrasocial` (`obrasocial_id`),
  KEY `FK_paciente_obrasocial_paciente` (`paciente_id`),
  CONSTRAINT `FK_paciente_obrasocial_obrasocial` FOREIGN KEY (`obrasocial_id`) REFERENCES `obrasocial` (`obrasocial_id`),
  CONSTRAINT `FK_paciente_obrasocial_paciente` FOREIGN KEY (`paciente_id`) REFERENCES `paciente` (`paciente_id`)
) ENGINE=InnoDB AUTO_INCREMENT=130 DEFAULT CHARSET=utf8 COLLATE=utf8_bin;

-- Volcando datos para la tabla nuova.paciente_obrasocial: ~5 rows (aproximadamente)
DELETE FROM `paciente_obrasocial`;
/*!40000 ALTER TABLE `paciente_obrasocial` DISABLE KEYS */;
INSERT INTO `paciente_obrasocial` (`paciente_obrasocial_id`, `nro_credencial`, `provisorio`, `obrasocial_id`, `paciente_id`, `fecha`) VALUES
	(120, '4444444', 1, 18, 185, '2016-02-24'),
	(124, '6666', 0, 18, 183, '2016-03-06'),
	(125, '780866877', 0, 18, 184, '2016-03-06'),
	(126, '99999', 0, 18, 188, '2016-03-06'),
	(129, '555555', 1, 18, 190, '2016-03-08');
/*!40000 ALTER TABLE `paciente_obrasocial` ENABLE KEYS */;


-- Volcando estructura para tabla nuova.practica
CREATE TABLE IF NOT EXISTS `practica` (
  `practica_id` int(11) NOT NULL AUTO_INCREMENT,
  `codigo` varchar(50) COLLATE utf8_bin DEFAULT '0',
  `nombre` varchar(164) COLLATE utf8_bin DEFAULT NULL,
  `valor_1` double(10,2) DEFAULT '0.00',
  PRIMARY KEY (`practica_id`),
  KEY `practica_id` (`practica_id`)
) ENGINE=InnoDB AUTO_INCREMENT=1164 DEFAULT CHARSET=utf8 COLLATE=utf8_bin;

-- Volcando datos para la tabla nuova.practica: ~1.127 rows (aproximadamente)
DELETE FROM `practica`;
/*!40000 ALTER TABLE `practica` DISABLE KEYS */;
INSERT INTO `practica` (`practica_id`, `codigo`, `nombre`, `valor_1`) VALUES
	(15, '010101', 'TRATAMIENTO QUIRURGICO DEL.ENCEFALOMENINGOCELE', 57130.62),
	(16, '010102', 'TRATAMIENTO QUIRURGICO DE LA CRANEOSTENOSIS ', 37053.36),
	(17, '010103', 'CRANEOPLASTIAS CON INJERTO OSEO O PROTESICO', 35757.42),
	(18, '010104', 'REDUCCION ABIERTA DE FRACTURA DE CRANEO', 37444.79),
	(19, '010105', 'ESCISION DE LESION TUMORAL INFECCIOSA', 13652.35),
	(20, '010106', 'DESCOMPRESION ORBITARIA UNILATERAL', 37703.98),
	(21, '010201', 'VENTRICULOCISTERNOSTOMIAS', 49732.43),
	(22, '010202', 'DERIVACION VENTRICULOAURICULA DERECHA', 41443.70),
	(23, '010203', 'REVISION DE VALVULAS DERIVATIVAS O RESTITUCION PARCIAL O TOTAL', 37444.79),
	(24, '010204', 'LOBECTOMIA PARCIAL TOTAL POR TRAUMATISMO O EPILEPSIA', 54604.12),
	(25, '010205', 'TRACTOTOMIA ESPINOTALAMICA TRIGEMINAL O MESENCEFALICA', 52657.56),
	(26, '010206', 'TRATAMIENTO QUIRURGICO DE LOS ANEURISMAS Y MALFORMACIONES', 61755.60),
	(27, '010207', 'EVACUACION POR PUNCION DE COLECCIÓN INTERCEREBRAL, EPIDURAL, SUBDURAL Y/O SUBARACNOIDEA', 17556.05),
	(28, '010208', 'CRANEOTOMIA EXPLORADORA ', 53440.42),
	(29, '010209', 'REPARACION PLASTICA DE SENOS CREANEALES', 46965.99),
	(30, '010210', 'ESCISION DE LESION TUMORAL INTRACRANEANA', 61755.60),
	(31, '010211', 'DRENAJE VENTRICULAR CONTINUO', 20126.77),
	(32, '010212', 'EXTRACION DE TUBOS EN OPERACIONES DERIVATIVAS CRANEANAS', 8288.74),
	(33, '010213', 'CIRUGIA ESTEREOTAXICA POR DIVERSOS METODOS  INCLUSO RADIOCIRUGIA ', 58507.81),
	(34, '010214', 'PUNCION DIAGNOSTICA O TERAPEUTICA DE VENTRICULO POR TREPANACION', 8288.74),
	(35, '010215', 'PUNCION TRANSFONTANELAR DE VENTRICULOS O SUBDURAL', 5527.59),
	(36, '010216', 'COLOCACION DE SET PARA MONITOREO DE PRESION INTRACRANEANA', 39782.77),
	(37, '010217', 'CIRUGIA DE LA HIPERTENSION CONGENITA ENDOCRANEANA', 99459.58),
	(38, '010301', 'REPARACION DE DEFECTOS CONGENITOS DEL COMPLEJO VERTEBROMENINGEOMEDULAR', 58507.81),
	(39, '010302', 'TRAT. QUIRURG.DE LES. ADQ.DEL COMPLEJO VERT/MENING/MED. SIN COMPROMISO MEDULAR', 58507.81),
	(40, '010303', 'EXTIRPACION O LIGADURA DE ANEURISMAS O MALFORMACIONES ARTERIOVENOSAS MEDULARES', 58507.81),
	(41, '010304', 'CORDOTOMIA ESPINOTALAMICA, ANTERIOR, POSTERIOR, MIELOTOMIA COMISURAL', 43882.18),
	(42, '010305', 'RIZOTOMIA RADICOTOMIA POSTERIOR', 52657.56),
	(43, '010306', 'SECCION DE LIGAMENTOS DENTADOS', 38613.78),
	(44, '010307', 'PUNCION RAQUIDEA DOBLE CON PRUEBAS MANOMETRICAS', 1433.47),
	(45, '010308', 'PUNCION CISTERNAL CON O SIN MANOMETRIA', 925.67),
	(46, '010309', 'PUNCION LUMBAR CON O SIN MANOMETRIA', 1433.47),
	(47, '010310', 'VERTEBROPLASTIAS PERCUTANEA CON CEMENTO ACRILICO DE POLIMETACRILATO DE METILO', 35106.80),
	(48, '10311', 'TRAT. QUIRURG.DE LES. ADQ. DEL COMPLEJO VERT/MENIG/MEDUL. C/ COMPROMISO MEDULAR', 63786.42),
	(49, '010401', 'NEUROTOMIA O DESCOMPRESION RETROGASERIANA TRIGEMINAL', 47838.77),
	(50, '010402', 'NEUROLISIS TRANSOVAL DEL TRIGEMINO', 6321.02),
	(51, '010403', 'NEUROTOMIA DEL INTERMEDIARIO VESTIBULAR O GLOSOFARINGEO', 40957.06),
	(52, '010404', 'INTERVENCIONES SOBRE NERVIOS OPTICOS', 58507.81),
	(53, '010405', 'NEUROTOMIA DEL SUPRAORBITARIO, INFRAORBITARIO, DENTARIO INFERIOR, SUBOCCIPITAL Y TEMPORAL SUPERFICIAL', 5157.32),
	(54, '010406', 'NEUROTOMIA SELECTIVA DEL FACIAL O DEL GLOSOFARINGEO O NEUMOGASTRICO CERVICAL', 8378.66),
	(55, '010407', 'INJERTO Y/O ANASTOMOSIS DE NERVIO FACIAL, HIPOGLOSO, ESPINAL O SIMILARES', 30425.54),
	(56, '010408', 'NEUROLISIS EXTRACRANEAL ALCOHOLIZACION O SIMILAR', 1946.56),
	(57, '010409', 'BLOQUEO EXTRACRANEAL ANTIALGICO', 705.32),
	(58, '010501', 'TRATAMIENTO QUIRURGICO POR PATOLOGIA DEL PLEXO CERVICOBRAQUIAL', 25312.75),
	(59, '010502', 'TRATAMIENTO QUIRURGICO POR PATOLOGIA DEL PLEXO LUMBOSACRO', 16950.50),
	(60, '010503', 'NEURORRAFIA INJERTO TUBULIZACION ESCISION DE LESION TUMORAL DE NERVIO PERIFERICO', 16950.50),
	(61, '010504', 'TRANSPOSICION DEL CUBITAL', 13937.08),
	(62, '010505', 'DESCOMPRESION DEL MEDIANO A NIVEL DEL TUNEL CARPIANO', 4633.14),
	(63, '10506', 'ESCISION DE LESION TUMORAL DE', 3013.42),
	(64, '010507', 'NEUROLISIS QUIRURGICA DE NERVIO PERIFERICO', 2034.06),
	(65, '010508', 'NEUROLISIS QUIMICA O BLOQUEO ANTIALGICO DE NERVIO PERIFERICO', 715.69),
	(66, '010601', 'SIMPATECTOMIA CERVICAL', 16950.50),
	(67, '010602', 'SIMPATECTOMIA TORACICA', 16950.50),
	(68, '010603', 'SIMPATECTOMIA LUMBAR POR LUMBOTOMIA', 16950.50),
	(69, '010604', 'RESECCION DE PLEXOS HIPOGASTRICOS SUPERIOR E INFERIOR', 16950.50),
	(70, '010605', 'SIMPATECTOMIA  PERIARTERIAL CAROTIDEA, HUMERAL, FEMORAL O SIMILAR', 16950.50),
	(71, '010606', 'INYECCION PARAVERTEBRAL DE TRONCOS Y GANGLIOS SIMPATICOS', 715.69),
	(72, '010607', 'SIMPATICECTOMIA PORVIDEOSCOPIA', 16950.50),
	(73, '010701', 'VENTRICULOGRAFIA POR INYECCION DE UN MEDIO DE CONTRASTE', 4633.14),
	(74, '010702', 'PAN-ARTERIOGRAFIA CEREBRAL POR CATETERISMO', 4633.14),
	(75, '010703', 'ARTERIOGRAFIA CAROTIDEA O VERTEBRAL', 4633.14),
	(76, '010704', 'NEUMOENCEFALOVENTRICULOGRAFIA FRACCIONADA', 4633.14),
	(77, '010705', 'MIELOGRAFIA ASCENDENTE O DESCENDENTE, CISTERNOMIELOGRAFIA, RADICULOGRAFIA', 3013.42),
	(78, '010706', 'DISCOGRAFIA NEUROGRAFIA EPIDUROGRAFIA', 2034.06),
	(79, '010707', 'INFUSION INTRATECAL O EN CANAL MEDULAR DE CITOSTATICOS', 2034.06),
	(80, '010708', 'TRATAMIENTO ENDOVASCULAR DE ANEURISMAS CRANEALES CON EMBOLIZACIONES TERAPEUTICAS O MICROCOILS', 43890.50),
	(81, '010709', 'TRATAMIENTO ENDOVASCULAR DE MALFORMACIONES CRANEALES CON EMBOLIZACIONES TERAPEUTICAS O MICROCOILS', 12053.69),
	(82, '010711', 'ABLACION DE NERVIO CRANEAL POR RADIOFRECUENCIA', 9040.27),
	(83, '010801', 'BIOPSIA CEREBRAL ESTEREOTAXICA', 24484.06),
	(84, '020101', 'EXENTERACION DEL CONTENIDO ORBITARIO', 11705.79),
	(85, '020102', 'NEUROTOMIA DEL NERVIO OPTICO', 9103.33),
	(86, '020103', 'ORBITOTOMIA CON ESCISION DE LESION DE ORBITA, EXPLORACION, EXTRACCION DE CUERPO EXTRAÑO, BIOPSIA, DRENAJE.', 11705.79),
	(87, '020104', 'INTRODUCCION DE SUSTANCIAS TERAPEUTICAS INTRAVITREA INYECTABLES. ', 470.77),
	(88, '020105', 'REPARACION PLASTICA DE LA ORBITA CON O SIN  INJERTO DE PIEL', 11055.18),
	(89, '020106', 'ENUCLEACION O EVISCERACION DEL GLOBO OCULAR', 7363.07),
	(90, '020107', 'ASPIRACION, LAVADO E IMPLANTE DEL VITREO', 3046.79),
	(91, '20108', 'CIRUGIA DEL SEGMENTO POST.INCLUYE MAT.CONTRASTE', 13319.11),
	(92, '20109', 'TRATAMIENTO QUIRURGICOCORRECTOR DEL ESTRABISMO', 9753.95),
	(93, '20110', 'OPERACIÓN DE HUMNELSHEIN SUPLANTAMIENTO DEL REC.EXTERMO POR REC.SUP. Y REC. INF. Y VARIANTES', 7363.07),
	(94, '020111', 'EXCENTERACION DE CONTENIDO ORBITARIO Y RESECCION TOTAL DE MAXILAR SUPERIOR', 10367.54),
	(95, '20112', 'VITRECTOMIA CON GASES', 12053.69),
	(96, '020201', 'RECONSTRUCCION TOTAL DEL PARPADO TECNICA DE HUGJES O SIMILAR', 8288.74),
	(97, '020202', 'BLEFAROPLASTIA', 4681.26),
	(98, '020203', 'BLEFARORRAFIA PARCIAL O TOTAL', 4422.07),
	(99, '020204', 'BLEFAROCHALASIS  ( CHALASION )', 4681.26),
	(100, '020205', 'ESCISION DE LESION DE PARPADOS BLEFARECTOMIA, BLEFAROTOMIA', 3385.32),
	(101, '20206', 'TRATAMIENTO DEL BLEFAROSPASMO CON TOXINA BOTULÍNICA', 3385.33),
	(102, '020301', 'CONJUNTIVOPLASTIA (CIRUGIA DE CHALAZION PTERIGION)', 4226.36),
	(103, '020302', 'ESCISION DE LESION CONJUNTIVA', 4226.36),
	(104, '020303', 'INTRODUCCION DE SUSTANCIAS TERAPEUTICAS SUBCONJUNTIVALES POR CADA VEZ', 634.75),
	(105, '020304', 'PERITECTOMIA PERITOTOMIA ', 4072.96),
	(106, '020305', 'SUTURA DE CONJUNTIVA', 4072.96),
	(107, '20306', 'CIRUGIA DE ECTROPION ENTROPION', 3013.42),
	(108, '020401', 'QUERATOPLASTIA LAMINAR  ( NO SE CAMBIA ULTIMA PARTE DE LA CORNEA -  1/2 SUPERIOR COLOCACION DE ANILLOS INTRAESTROMALES)', 14302.97),
	(109, '020402', 'QUERATOPROTESIS TOTAL QUERATOPLASTIA TOTAL  ( TRANSPLANTE DE CORNEA )  ( QUERATOCONO )', 22755.68),
	(110, '020403', 'SUTURA DE CORNEA', 4506.70),
	(111, '020404', 'QUERATOCENTESIS', 2084.09),
	(112, '020406', 'SUTURA DE HERIDA DE CORNEA CON PROLAPSO DE IRIS Y/O HERIDA DE CRISTALINO, EXTRACCION DE CUERPO EXTRAÑO EN CAMARA ANTERIOR', 4681.26),
	(113, '020501', 'TRATAMIENTO QUIRURGICO DEL GLAUCOMA', 8288.74),
	(114, '020502', 'IRIDOTOMIA COREOPLASTIA IRIDECTOMIA', 4506.70),
	(115, '020503', 'IRIDOCICLECTOMIA O CICLECTOMIA POR TUMORES', 5855.54),
	(116, '020601', 'FOTOCOAGULACION CONVENCIONAL ', 3242.50),
	(117, '020602', 'FOTOCOAGULACION CON RAYO LASER DE ARGON', 4062.38),
	(118, '020603', 'RETINOPEXIA CON ESCLERECTOMIA E IMPLANTE', 13652.35),
	(119, '20604', 'RETINOPEXIA Y ESCLERECTOMIA', 13816.33),
	(120, '020605', 'DESPRENDIMIENTO DE RETINA  O  RETINOPEXIA  +  GASES  O  SILICON ', 13816.33),
	(121, '020606', 'ESCLERECTOMIA CON EXTRACCIONDE CUERPO EXTRAÑO', 5855.54),
	(122, '020701', 'EXTRACCIONDEL CRISTALINO ', 7363.07),
	(123, '020702', 'EXTRACCIONDE MASAS CRISTALINIANAS', 5855.54),
	(124, '020703', 'CAPSULOTOMIA (CON O SIN LASER)', 3279.53),
	(125, '20704', ' IMPLANTE DE L.I.O CON O SIN FACO', 9040.27),
	(126, '20707', 'EXIMER LASER POR OJO', 14250.07),
	(127, '20708', 'QUERATOPLASTIA RADIAL', 14250.07),
	(128, '020801', 'DACRIOCISTORRINOSTOMIA FISTULIZACION DE SACO LAGRIMAL EN CAVIDAD NASAL, PLOMBAJE', 8288.74),
	(129, '020802', 'ESCISION DE GLANDULA LAGRIMAL', 7103.88),
	(130, '020803', 'DRENAJE DE GLANDULA O SACO LAGRIMAL', 1756.13),
	(131, '020804', 'CATETERIZACION DE CONDUCTO LAGRIMO NASAL( NIÑOS MENORES A UN AÑO)', 2808.76),
	(132, '020901', 'FOTOCOAGULACION CON YAG LASER', 2034.06),
	(133, '020902', 'FOTOCOAGULACION CON LASER ONLY GREEN (PARA MACULOPATIAS)', 2034.06),
	(134, '020903', 'FOTOCIRUGIA CON DIODO LASER (PARA MACULOPATIAS)', 2034.06),
	(135, '020904', 'FOTOCIRUGIA CON DYE LASER (PARA MACULOPATIAS)', 2034.06),
	(136, '020905', 'FOTOCIRUGIA CON KRIPTON LASER (PARA HEMORRAGIA DEL CUERPO VITREO)', 2034.06),
	(137, '020907', 'TRABECULOPLASTIA CON LASER (GLAUCOMA CRONICO SIN MEJORIA CON TRATAMIENTO CONVENCIONAL)', 2034.06),
	(138, '20908', 'QUERATOTOMIA RADIAL', 6780.20),
	(139, '20909', 'QUERATOTOMIA POR EXIMER LASER', 6780.20),
	(140, '030101', 'RECONSTRUCCION DEL PABELLON AURICULAR CON INJERTO DE CARTILAGO Y PIEL', 5617.51),
	(141, '030102', 'OTOPLASTIA O RECONSTRUCCION DEL PABELLON ANSIFORME O DEFECTO SIMILAR', 5442.96),
	(142, '030103', 'OTOPLASTIA DE LOBULO HENDIDO', 4623.07),
	(143, '030104', 'ESCISION COMPLETA O AMPUTACION DE PABELLON', 4776.47),
	(144, '030105', 'INSICION Y DRENAJE DE AURICULA. SUTURA DEL PABELLON AURICULAR', 528.96),
	(145, '030106', 'CIRUGIA DE AGENESIA DE CONDUCTO AUDITIVO EXTERNO', 11927.96),
	(146, '030107', 'RESECCION DE OSTEOMA', 3924.85),
	(147, '030108', 'EXTIRPACION DE COLOBOMA AURIS', 3924.85),
	(148, '030109', 'ESCISION DE LESION LOCAL DE CONDUCTO AUDITIVO EXTERNO. BIOPSIA DE OIDO EXTERNO', 528.96),
	(149, '030201', 'MIRINGOPLASTIA', 8844.14),
	(150, '030202', 'TIMPANOPLASTIA', 12113.09),
	(151, '030203', 'MIRINGOTOMIA CON O SIN COLOCACION DE TUBO DRENAJE', 835.75),
	(152, '030204', 'CIRUGIA PLASTICA POR AGENESIA DE OIDO MEDIO', 17201.65),
	(153, '030205', 'MOVILIZACION DEL ESTRIBO', 6728.32),
	(154, '030206', 'ESTAPEDECTOMIA', 12710.81),
	(155, '030207', 'MASTOIDECTOMIA SIMPLE O RADICAL', 6485.00),
	(156, '030208', 'ANTROTOMIA MASTOIDEA CIERRE DE FISTULA MASTOIDEA', 4797.63),
	(157, '030209', 'PUNCION DE ANTRO MASTOIDEO', 962.70),
	(158, '030210', 'CIRUGIA DEL GLOMUS YUGULARIS', 21454.45),
	(159, '030211', 'CIRUGIA DE SEGUNDA Y TERCERA PORCIONES DE NERVIO FACIAL', 17556.05),
	(160, '30212', 'COLOCACION DE DIABOLO', 13937.08),
	(161, '30213', 'TIMPANOMASTOIDECTOMIA', 13937.08),
	(162, '030301', 'LABERINTECTOMIA', 13001.74),
	(163, '030302', 'FENESTRACION DEL CONDUCTO SEMICIRCULAR EXTERNO', 15604.20),
	(164, '030303', 'CIRUGIA DEL SACO ENDOLINFATICO', 18851.99),
	(165, '030304', 'CIRUGIA DEL CONDUCTO AUDITIVO INTERNO Y SU CONTENIDO', 18254.27),
	(166, '030305', 'TRATAMIENTO QUIRURGICO DE FRACTURA DEL PEÑASCO', 15471.96),
	(167, '030306', 'TRATAMIENTO QUIRURGICO DEL NEURINOMA DEL ACUSTICO ', 35757.42),
	(168, '030401', 'ATRESIA DE COANAS PERMEABILIZACION POR ACESO PALATINO', 11705.79),
	(169, '030402', 'RESECCION TOTAL DE NARIZ', 6204.65),
	(170, '030403', 'RECONSTRUCCION DIFERIDA DE PIRAMIDE NASAL', 5152.03),
	(171, '030404', 'TRATAMIENTO QUIRURGICO DEL RINOFIMA', 5035.66),
	(172, '030405', 'ESCISION DE TUMORES ENDONASALES', 5913.73),
	(173, '030406', 'RESECCION DE LESION LOCAL ENDONASAL', 2692.39),
	(174, '030407', 'ESCISION DE POLIPO RETRO-COANAL', 1994.16),
	(175, '030408', 'RINOPLASTIA CON INJERTO CUTANEO PEDICULADO', 6908.16),
	(176, '030409', 'SEPTUMPLASTIA POR IMPLANTACION DE CARTILAGO AUTOGENO', 8288.74),
	(177, '030410', 'SEPTUMPLASTIA POR PERFORACION O IMPLANTACION DE ACRILICO EN FOSAS NASALES', 8288.74),
	(178, '030411', 'RESECCION DE TABIQUE NASAL OPERACIÓN DE KILLIAN', 5675.70),
	(179, '030412', 'TURBINECTOMIA ', 3553.87),
	(180, '030413', 'SUTURA DE NARIZ BIOPSIA DE NARIZ', 437.47),
	(181, '030501', 'CIERRE DE FISTULA MENINGEA', 14255.36),
	(182, '030502', 'SINUSOTOMIA COMBINADA FRONTAL ETMOIDAL Y ESFENOIDAL', 6204.65),
	(183, '030504', 'SINSOTOMIA RADICAL FRONTAL', 6786.50),
	(184, '030505', 'SINUSOTOMIA FRONTAL EXTERNA SIMPLE. TREPANOPUNCION', 13900.50),
	(185, '030506', 'SINUSOTOMIA ESFENOIDAL', 4977.48),
	(186, '030507', 'PUNCION DE SENO ESFENOIDAL', 391.43),
	(187, '030508', 'ETMOIDECTOMIA INTERNA', 3570.45),
	(188, '030509', 'CIRUGIA DE TUMORES ETMOIDALES', 5675.70),
	(189, '030510', 'ANTROTOMIA MAXILAR RADICAL SINUSOTOMIA MAXILAR RADICAL', 4681.26),
	(190, '030512', 'SINUSOTOMIA MAXILAR SIMPLE VENTANA ANTRAL', 7490.02),
	(191, '30513', 'SINUSOTOMIA MAXILAR BILATERAL', 8872.32),
	(192, '030514', 'CIERRE DE FISTULA ORAL DE SENO MAXILAR', 5141.45),
	(193, '030515', 'PUNCION DE SENO CON O SIN INSERCION DE SONDA. BIOPSIA DE SENO PARANASAL', 391.43),
	(194, '030516', 'CIRUGIA DE LA FOSA PTERIGOMAXILAR EXPLOR', 10922.94),
	(195, '030517', 'SINUSOTOMIA COMBINADA CON FIBRA OPTICA Y VIDEOSCOPIA', 14966.44),
	(196, '030518', 'SINUSOTOMIA RADICAL CON FIBRA OPTICA Y VIDEOSCOPIA', 14966.44),
	(197, '030519', 'CIRUGIA DE LA FOSA PTERIGOMAXILAR CON VIDEOFIBROSCOPIA', 13781.55),
	(198, '030601', 'LARINGUECTOMIA RADICAL CON VACIAMIENTO DE CUELLO. OPERACIÓN COMANDO DE LARINGE', 35106.80),
	(199, '030602', 'LARINGOFARINGECTOMIA', 29256.55),
	(200, '030603', 'LARINGECTOMIA TOTAL', 27627.37),
	(201, '030604', 'LARINGECTOMIA PARCIAL', 22105.07),
	(202, '030605', 'LARINGOPLASTIA CORDOPEXIA ARITENOIDEOPEXIA', 12287.65),
	(203, '030606', 'LARINGOTOMIA MEDIANA E INFERIOR LARINGOFISURA-TIROTOMIA- CRICOTIROTOMIA- LARINGORRAFIA', 9949.66),
	(204, '030607', 'INSICION Y DRENAJE DE LARINGE ABCESO, PERICONDRITIS', 2692.39),
	(205, '030608', 'MICROCIRUGIA DE LARINGE', 22470.05),
	(206, '030609', 'MICROCIRUGIA DE LARINGE CON LASER ', 10547.00),
	(207, '030701', 'INCISION Y DRENAJE DE LESION ORIGEN DENTARIO', 412.59),
	(208, '030702', 'EXTIRPACION DE GERMEN DENTARIO AMELOBLASTOMA', 5268.40),
	(209, '030703', 'GINGIVECTOMIA PARCIAL TUMORES', 7024.53),
	(210, '030704', 'GINGIVECTOMIA TOTAL AMPLIADA TUMORES', 9949.66),
	(211, '030705', 'OPERACION COMANDO DE ENCIA O DE TRIGONO RETROMOLAR, MAS VACIAMIENTO GANGLIONAR CERVICAL', 20999.55),
	(212, '030706', 'BIOPSIA DE ENCIA SUTURA DE ENCIA', 423.16),
	(213, '030801', 'PAROTIDECTOMIA TOTAL  ( POR CUALQUIAER METODO )  (VIDEOSCOPIA )', 20481.17),
	(214, '030802', 'OPERACION COMANDO DE PAROTIDA ', 29256.55),
	(215, '030803', 'PAROTIDECTOMIA DEL LOBULO SUPERFICIAL ( POR CUALQUIER METODO )  ( VIDEOSCOPIA )', 11340.81),
	(216, '030804', 'ESCISION RADICAL DE GLANDULA SUBMAXILAR ( POR CUALQUIER METODO )  ( VIDEOSCOPIA )', 12874.79),
	(217, '030805', 'OPERACION COMANDO DE GLANDULA SUBMAXILAR', 24866.22),
	(218, '030806', 'INSICION Y DRENAJE DE GLANDULA PAROTIDA, SUBMAXILAR O SUS CONDUCTOS', 2930.42),
	(219, '030807', 'BIOPSIA DE GLANDULA SALIVAL EXTRACCION INCISIONAL DE CALCULOS SALIVALES', 2930.42),
	(220, '030808', 'EXTIRPACION DE RANULA', 5136.16),
	(221, '030901', 'OPERACION COMANDO PISO DE BOCA', 30425.54),
	(222, '030902', 'ESCISION AMPLIADA DE MUCOSA YUGAL Y RECONSTRUCCION', 11705.79),
	(223, '030903', 'ESTOMATOPLASTIA CON INJERTO ', 5268.40),
	(224, '030904', 'INSICION Y DRENAJE DE PISO DE BOCA. BIOPSIA DE MUCOSA BUCAL', 2930.42),
	(225, '030905', 'CIERRE DE FISTULA EXTERNA DE BOCA', 4681.26),
	(226, '031001', 'QUEILOPLASTIA LABIO LEPORINO ', 13816.33),
	(227, '31002', 'QUEILOPLASTIA CON PALATOPLASTIA', 16254.81),
	(228, '031003', 'QUEILOPLASTIA CON PALATOPLASTIA', 11705.79),
	(229, '031004', 'RESECCION DE LABIO. ESCISION EN CUÑA', 9949.66),
	(230, '031005', 'QUEILOPLASTIA DE BERNARD, BOROW, ABBE EASTLANDER O SIMILAR', 12874.79),
	(231, '031006', 'QUEIOLPASTIA CON VACIAMIENTO GANGLIONAR SUPRAHIOIDEO', 24575.29),
	(232, '031007', 'ESCISION LOCAL DE LESION DE LABIO', 4099.41),
	(233, '031008', 'INSICION Y DRENAJE DE LABIO, ABSCESO, SUTURA, BIOPSIA', 470.77),
	(234, '031101', 'OPERACION COMANDO DE LENGUA', 29256.55),
	(235, '031102', 'GLOSECTOMIA SUBTOTAL', 9949.66),
	(236, '031103', 'ESCISION LOCAL DE LESION DE LENGUA', 4681.26),
	(237, '031104', 'GLOSOPLASTIA', 7024.53),
	(238, '031105', 'GLOSOTOMIA CON DRENAJE DE ABCESO, EXTR. DE CUERPO EXTR.,SECCION FRENILLO, SUTURA, BIOPSIA  DE LENGUA', 587.14),
	(239, '031201', 'PALATOPLASTIA PALADAR BLANDO O DURO', 11467.76),
	(240, '031202', 'RESECCION PARCIAL DE PALADAR  ( POR CUALQUIER METODO )', 11584.13),
	(241, '031203', 'RESECCION TOTAL DE PALADAR', 15212.77),
	(242, '031204', 'RESECCION TOT.PALADAR Y RECONSTRUCCION', 16968.91),
	(243, '031205', 'OPERACION COMANDO DE PALADAR BLANDO', 35106.80),
	(244, '031206', 'INSICION Y DRENAJE DE PALADAR, ABSCESO, SUTURA, BIOPSIA DE PALADAR', 3512.27),
	(245, '031301', 'AMIGDALECTOMIA ADENOIDECTOMIA', 9841.50),
	(246, '031302', 'ESCISION O ELECTROCOAGULACION DE AMIGDALA LINGUAL, RESTO AMIGDALINO O TEJIDO LINFOIDEO FARINGEO', 4919.29),
	(247, '031303', 'INSICION Y DRENAJE DE AMIGDALAS O TEJIDOS PERIAMIGDALINOS', 819.88),
	(248, '031304', 'OPERACION COMANDO DE FARINGE', 35106.80),
	(249, '031305', 'FARINGOPLASTIA', 15212.77),
	(250, '031306', 'FARINGUECTOMIA PARCIAL TUMORES', 19306.89),
	(251, '031307', 'ESCISION DE DIVERTICULO FARINGOESOFAGICO, O DE LESION LOCAL DE FARINGE', 15212.77),
	(252, '031308', 'FARINGOTOMIA EXPLORACION EXTRACCION DE CUERPO EXTRAÑO', 8780.67),
	(253, '031309', 'CIERRE DE FARINGOSTOMA', 9129.78),
	(254, '031310', 'SUTURA DE FARINGE', 9013.41),
	(255, '031311', 'BIOPSIA DE FARINGE', 587.14),
	(256, '031312', 'ESCISION RADICAL DE LESION DE NASOFARINGE', 8309.90),
	(257, '031313', 'BIOPSIA DE LESION DE NASOFARINGE', 703.51),
	(258, '40102', 'TIROIDECTOMIA TOTAL CON VACIAMIENTO GANGLIONAR', 24866.22),
	(259, '040103', 'TIROIDECTOMIA TOTAL', 17132.88),
	(260, '040104', 'TIROIDECTOMIA SUB-TOTAL HEMITIROIDECTOMIA', 13985.59),
	(261, '040105', 'EXTIRPACION DE QUISTE TIROGLOSO', 11351.39),
	(262, '040106', 'PUNCION BIOPSIA DE TIROIDES  ( GUIADA POR ECO. )', 2034.06),
	(263, '040107', 'INSICION Y DRENAJE DE QUISTE TIROGLOSO INFECTADO', 1322.39),
	(264, '040108', 'PARATIROIDECTOMIA', 21359.24),
	(265, '40109', 'PAF PARA TIROIDES', 2034.06),
	(266, '40110', 'ALCOHOLIZACION DE PARATIROIDES', 4633.14),
	(267, '040201', 'ADRENALECTOMIA BILATERAL', 16577.48),
	(268, '040202', 'ADRENALECTOMIA UNILATERAL', 12054.91),
	(269, '040301', 'HIPOFISECTOMIA TRANSEPTOESFENOIDAL', 48753.87),
	(270, '050101', 'RESECCION DE PLEURA PARIETAL COSTILLAS, MUSCULOS INTERCOSTALES', 31853.72),
	(271, '050102', 'OPERACION PLASTICA POR TORAX EN CARINA O EXCAVADO', 31853.72),
	(272, '050103', 'TORACOPLASTIA', 22655.18),
	(273, '050201', 'TRAQUEOPLASTIA', 16254.81),
	(274, '050202', 'TRAQUEOSTOMIA TRAQUEOTOMIA ', 6500.87),
	(275, '050203', 'TRAQUEORRAFIA, SUTURA, CIERRE DE TRAQUEOSTOMIA O FISTULA TRAQUEAL', 5617.51),
	(276, '050301', 'TRAQUEOPLASTIA, BRONCOPLASTIA', 19502.60),
	(277, '050302', 'BRONCOTOMIA BRONCORRAFIA POR HERIDA O TRAUMATISMO', 10944.10),
	(278, '050303', 'CAVERNOSTOMIA', 6204.65),
	(279, '050304', 'CIERRE DE FISTULA BRONCO CUTANEA', 9304.33),
	(280, '050401', 'NEUMONECTOMIA, LOBECTOMIA, SEGMENTECTOMIA, PLEURONEUMONECTOMIA, DECORTICACION DE PULMON', 35757.42),
	(281, '050402', 'ESCISION LOCAL DE LESION PULMONAR CUERPO EXTRAÑO, QUISTECTOMIA O LESIONES DE ENFISEMA', 35757.42),
	(282, '050403', 'OPERACIONES EN EL MEDIASTINO VIA TORACICA O VIDEOSCOPICA', 41443.70),
	(283, '50404', 'NEUMOMEDIASTINO', 1031.46),
	(284, '050405', 'MEDIASTINOSCOPIA CON O SIN VIDEOSCOPIA', 10230.01),
	(285, '50406', 'TORACOTOMIA AMPLIA EXPLORADORA BIOPSIA DE PULMON, PLEURA O MEDIASTINO', 22655.18),
	(286, '050407', 'DRENAJE DE PLEURA CON TROCAR POR TORACOTOMIA MINIMA', 1941.27),
	(287, '050408', 'PUNCION DE CAVIDAD PLEURAL PARA LAVAJE O INSTILACION DE SUSTANCIAS. PUNCION PLEURAL O PULMONAR', 666.48),
	(288, '050409', 'PUNCION BIOPSIA DE PLEURA O PULMON CON AGUJA DE VIM-SILVERMAN, COPER O SIMILARES', 1407.02),
	(289, '050410', 'BIOPSIA DE GRASA PRE-ESCALENICA. BIOPSIA DE DANIELS', 5527.59),
	(290, '050411', 'NEUMOTORAX', 375.56),
	(291, '050412', 'TORACOVIDEOSCOPIA DIAGNOSTICA YTERAPEUTICA. CON BIOPSIA, SELLADO, INSTILACION DE SUSTANCIAS', 13937.08),
	(292, '050413', 'TORACOVIDEOSCOPIA TERAPEUTICA. PARA RESECCIONES (PARA LESIONES PERIFERICAS POR ESTA UNICA VIA)', 13937.08),
	(293, '50414', 'TORACOTOMIA MINIMA', 2034.06),
	(294, '050501', 'COLOCACION DE STENT ENDOBRONQUIAL', 4633.14),
	(295, '060101', 'MASTECTOMIA RADICAL', 20667.15),
	(296, '060102', 'MASTECTOMIA SUBRADICAL', 19780.90),
	(297, '060103', 'MASTECTOMIA SIMPLE', 16576.95),
	(298, '060104', 'MASTECTOMIA SUBCUTANEA ADENOMASTECTOMIA.', 18328.90),
	(299, '60105', 'MASTOPLASTIA UNILATERAL', 7336.62),
	(300, '60106', 'MASTOPLASTIA BILATERAL', 9129.78),
	(301, '060107', 'MAMILOPLASTIA', 6463.84),
	(302, '060108', 'ESCISION LOCAL DE LESION DE MAMA  (  NODULECTOMIA  ).  DE CONDUCTO DE PEZON', 4564.89),
	(303, '060109', 'ESCISION DE CUADRANTE MAMARIO  ( LESIONES SUPEARIORES A  4  CM. )', 9225.49),
	(304, '060110', 'DRENAJE DE ABSCESO MAMARIO', 1311.51),
	(305, '060111', 'PUNCION QUISTE MAMARIO PUNCION BIOPSIA DE MAMA', 1311.51),
	(306, '60112', 'PUNCION ESTEREOTAXICA DE MAMA 1 CORTE', 3575.74),
	(307, '60113', 'LOCALIZACION MARCACION PREQUIRURGICA DE MAMA', 2246.24),
	(308, '60114', 'PUNCION ESTEREOTAXICA DE MAMA CORTES ADICIONALES', 376.68),
	(309, '60117', 'GANGLIO CENTINELA BIOPSIA DE GANGLIO', 4633.14),
	(310, '070101', 'SEPTOSTOMIA INTERAURICULAR', 33154.96),
	(311, '070102', 'SEPTOSTOMIA CON BALON DE RASHBIND', 33154.96),
	(312, '070103', 'COLOCACION DE MARCAPASO DEFINITIVO CON ELECTRODO ENDOCAVITARIO', 10674.33),
	(313, '70104', 'COLOCACION DE MARCAPASO DEFINITIVO CON ELECTRODO EPICARDICO', 26865.67),
	(314, '070105', 'CAMBIO DE GENERADOR MARCAPASO DEFINITIVO. RECOLOCACION. PLASTICA DE BOLSILLO DE MARCAPASO', 8452.72),
	(315, '070106', 'IMPLANTACION DE CIRCULACION ASISTIDA EXTERNA PROLONGADA POR CONTRAPULSACION', 9362.52),
	(316, '070108', 'CARDIORRAFIA SUTURA DE CORAZON HERIDA O TRAUMATISMO', 22755.68),
	(317, '070109', 'PERICARDIOTOMIA CON EXPLORACION CON DRENAJE,DESCOMPRESION, PARA EVACUACION DE HEMATOMA', 22105.07),
	(318, '070110', 'BIOPSIA DE PERICARDIO', 8780.67),
	(319, '070111', 'PERICARDIOCENTESIS DIAGNOSTICA O TERAPEUTICA', 3279.53),
	(320, '070112', 'CATETERISMO DE CORAZON PARA COLOCACION DE MARCAPASO TRANSITORIO', 6474.42),
	(321, '070113', 'BI0PSIA DE ENDOCARDIO POR CATETERISMO CARDIACO', 9360.44),
	(322, '070114', 'BIOPSIA DE MIOCARDIO POR CATETERISMO CARDIACO', 9360.44),
	(323, '070201', 'TRATAMIENTO QUIRURGICO DE LAS CARDIOPATIAS CONGENITAS', 119171.88),
	(324, '070203', 'REEMPLAZO DE VALVULA CARDIACA POR PROTESIS O INJERTO.', 119171.88),
	(325, '070204', 'DOBLE REEMPLAZO VALVULAR CARDIACO', 119171.88),
	(326, '70205', 'REEMPLAZO DE UNA VALVULA CARDIACA', 119171.88),
	(327, '070206', 'CIERRE DEFECTOS SEPTALES', 119171.88),
	(328, '070207', 'TRATAMIENTO QUIRURGICO DE ANEURISMAS DEL CAYADO AORTICO. ANEURISMA DISECANTE DE AORTA', 119171.88),
	(329, '070208', 'TRATAMIENTO QUIRURGICO DE ANEURISMAS DE AORTA ASCENDENTE O DESCENDENTE', 119171.88),
	(330, '070209', 'DERIVACION (BY-PASS) AORTO CORONARIO', 119171.88),
	(331, '070210', 'DERIVACION (BY-PASS) MAMARIO CORONARIO', 119171.88),
	(332, '070211', 'RESECCION DE ANEURISMA VENTRICULAR', 119171.88),
	(333, '70212', 'RESECCION DE ANEURISMA VENTRICULAR COMO', 119171.88),
	(334, '70213', 'CAMBIO DE GENERADOR DE CARDIODESFIBRILADOR', 33154.96),
	(335, '70214', 'IMPLANTE DE CARDIODESFIBRILADOR', 37444.79),
	(336, '70215', 'VALVULOPLASTIA MITRAL POR HEMODINAMIA', 25744.28),
	(337, '70216', 'CIERRE DE DEFECTOS SEPTALES CON AMPLATZER', 34955.70),
	(338, '70217', 'BOMBA DE CIRCULACION EXTRACORPOREA', 92790.82),
	(339, '070301', 'CIRUGIA EN LOS GRANDES TRONCOS ARTERIOVENOSOS DE LA CAVIDAD TORACICA', 61755.60),
	(340, '070302', 'TRATAMIENTO QUIRURGICO DEL ANEURISMA DE AORTATORACOABDOMINAL', 61755.60),
	(341, '070401', 'TRATAMIENTO  QUIRURGICO DEL ANEURISMA DE AORTA ABDOMINAL', 56164.54),
	(342, '070402', 'CIRUGIA DE LAS RAMAS VISCERALES DE LA AORTA ABDOMINAL Y TRONCOS ILIACOS', 35916.11),
	(343, '070403', 'DERIVACION AORTO O ILIACO FEMORAL UNI O BILATERAL CON O SIN SIMPATICECTOMIA', 35916.11),
	(344, '070405', 'DERIVACION AORTO ILIACA UNI O BILATERAL', 35916.11),
	(345, '070406', 'OTRAS DERIVACIONES ARTERIALES EN CAVIDAD ABDOMINAL', 35916.11),
	(346, '070407', 'ANASTOMOSIS PORTO-CAVA O ESPLENORENAL O MESENTERICO CAVA', 35916.11),
	(347, '070408', 'CIRUGIA DE LA VENA CAVA ', 27627.37),
	(348, '070409', 'COLOCACION DE FILTRO MOBIN UDDIN', 24866.22),
	(349, '070501', 'CIRUGIA DE LA ARTERIA CAROTIDA O DE LA VERTEBRAL TROMBOENDARTERECTOMIA EMBOLECTOMIA', 35106.80),
	(350, '070502', 'SUTURA O LIGADURA DE LOS VASOS PROFUNDOS DEL CUELLO', 16577.48),
	(351, '070503', 'GLOMECTOMIA TUMOR DE GLOMUS CAROTIDEO', 22914.37),
	(352, '070601', 'EMBOLECTOMIA EN ARTERIAS PERIFERICAS', 16577.48),
	(353, '070602', 'TROMBOENDARTERECTOMIA DE VASOS PERIFERICOS', 16577.48),
	(354, '70603', 'DERIVACION BY-PASS DE VASOS CON VENA', 32763.53),
	(355, '70604', 'DERIVACION BY-PASS DE VASOS CON PROTESIS', 30425.54),
	(356, '070605', 'TRATAMIENTO DEL ANEURISMA O DE LAS FISTULAS ARTERIOVENOSAS', 23406.30),
	(357, '070606', 'ANASTOMOSIS ARTERIAL ARTERIORRAFIA', 8193.53),
	(358, '070607', 'SHUNT O FISTULA ARTERIOVENOSA PERIFERICA PARA HEMODIALISIS', 7479.44),
	(359, '070608', 'DISECCION DE ARTERIAS PARA PERFUSION REGIONAL', 2946.28),
	(360, '070609', 'PUNCION ARTERIAL PARA INYECCION MEDICAMENTOSA', 375.56),
	(361, '070610', 'LIGADURA UNILATERAL DE TRONCOS VENOSOS PROFUNDOS', 4422.07),
	(362, '070611', 'TROMBECTOMIA VENOSA PROFUNDA', 8288.74),
	(363, '070612', 'SAFENECTOMIA INTERNA Y/O EXTERNA CON LIGADURAS Y/O RESECCIONES ESCALONADAS', 6204.65),
	(364, '070613', 'SAFENECTOMIA BILATERAL', 7548.20),
	(365, '070614', 'OPERACION DE LINTON, GOCKETT O SIMILARES', 7183.22),
	(366, '070615', 'FLEBOTOMIA CON COLOCACION DE CATETER', 2930.42),
	(367, '070616', 'FLEBECTOMIA SEGMENTARIA POR VARICES RESIDUALES', 3311.26),
	(368, '070617', 'COLOCACION DE CATETER TUNELIZADO', 8193.53),
	(369, '70618', 'EXTRACCION DE CATETER TUNELIZADO', 1695.05),
	(370, '70619', 'COLOCACION DE CATETER DOBLE LUMEN P/DIALISIS', 753.36),
	(371, '070701', 'CATETERISMO CARDIACO DERECHO', 7910.23),
	(372, '70702', 'ANGIOCARDIOGRAFIA TOMA DE PRESION', 7910.23),
	(373, '070703', 'CORONARIOGRAFIA SELECTIVA', 7910.23),
	(374, '070704', 'AORTOGRAFIA POR PUNCION LUMBAR', 7910.23),
	(375, '070705', 'AORTOGRAFIA POR CATETERISMO CON O SIN ESTUDIO SELECTIVO DE CUALQUIERA DE SUS RAMAS TORACICAS O ABDOMINALES ', 7910.23),
	(376, '70706', 'AORTOGRAFIA ABDOMINAL Y ESTUDIO SELECTIVO', 7910.23),
	(377, '70707', 'AORTOGRAFIA TORACICA Y ESTUDIO SELECTIVO', 7910.23),
	(378, '70708', 'AORTOGRAFIA ABDOMINAL P/CATETERISMO', 7910.23),
	(379, '070709', 'CAVOGRAFIA ABDOMINAL Y/O TORACICA', 7910.23),
	(380, '070710', 'ACIGOGRAFIA POR PUNCION TRANSOSEA', 7910.23),
	(381, '070711', 'FLEBOGRAFIA DEL SENO PETROSO BILATERAL', 7910.23),
	(382, '70712', 'ARTERIOGRAFIA SELECTIVA DE ARTERIAS DE MMII', 7910.23),
	(383, '070713', 'FLEBOGRAFIA SUPRARRENAL BILATERAL', 7910.23),
	(384, '070714', 'ARTERIOGRAFIA PERIFERICA POR PUNCION', 7910.23),
	(385, '70715', 'EMBOLIZACION SELECTIVA TERAPEUTICA', 16751.90),
	(386, '070716', 'FLEBOGRAFIA DE MIEMBRO INFERIOR O SUPERIOR', 4187.77),
	(387, '070717', 'FLEBOTOMIA TRANSCUTANEA Y COLOCACION DE CATETER DOBLE LUMEN COMO ACCESO VASCULAR PARA DIALISIS', 7605.78),
	(388, '70722', 'VALVULOPLASTIA CARDIACA', 39914.43),
	(389, '70723', 'ABLACION POR RADIOFRECUENCIA INCLUYE ELECTROFISIOLOGICO', 25445.70),
	(390, '70724', 'ANGIOGRAFIA DE VASOS DEL CUELLO', 7910.23),
	(391, '70725', 'ANGIOGRAFIA DIGITAL CEREBRAL', 7910.23),
	(392, '70726', 'ANGIOGRAFIA FISTULA HEMODIALISIS', 7910.23),
	(393, '70801', 'CIERRE DE DUCTUS POR CATETERISMO ', 21847.31),
	(394, '70802', 'ANGIOPLASTIA TRANSLUMINAL CORONARIA CON STENT INCLUYE UN STENT COMUN', 31447.42),
	(395, '70803', 'ANGIOPLASTIA TRANSLUMINAL CORONARIA EXCLUYE STENT', 26263.78),
	(396, '70804', 'TRATAMIENTO DESEMBOLIZANTE CON QUINASAS POR CATERISMO DE HEMODINAMIA', 31447.42),
	(397, '70805', 'ANGIOPLASTIA PERIFERICA CON BALON', 26263.78),
	(398, '70806', 'ANGIOPLASTIA PERIFERICA CON STENT INCLUYE UN STENT', 31447.42),
	(399, '080101', 'ESOFAGUECTOMIA TOTAL', 43295.04),
	(400, '080102', 'ESOFAGUECTOMIA SEGMENTARIA', 43295.04),
	(401, '80103', 'ESOFAGUECTOMIA TOTAL', 42253.00),
	(402, '080104', 'REEMPLAZO DE ESOFAGO', 42253.00),
	(403, '080105', 'ESOFAGOGASTROPLASTIA ESOFAGO-CARDIOPLASTIA', 32604.84),
	(404, '080106', 'OPERACIONES DERIVATIVAS PALIATIVAS ESOFAGOGASTRO O ESOFAGOYEYUNOANASTOMOSIS', 42253.00),
	(405, '080107', 'TRATAMIENTO ATRESIA ESOFAGICA', 42253.00),
	(406, '080108', 'ESOFAGOTOMIA EXPLORADORA VIA TORACICA O ABDOMINAL', 32604.84),
	(407, '080109', 'ESCISION DE DIVERTICULO ESOFAGICO INTRATORACICO', 32604.84),
	(408, '080110', 'ESOFAGOTOMIA O ESOFAGORRAFIA DE ESOFAGO CERVICAL', 32604.84),
	(409, '080111', 'ESCISION DE DIVERTICULO ESOFAGICO CERVICAL', 32604.84),
	(410, '080112', 'INTUBACION DE ESOFAGO POR GASTROTOMIA', 24866.22),
	(411, '080113', 'COLOCACION DE PROTESIS ESOFAGICAS POR VIA ENDOSCOPICA', 5501.14),
	(412, '080201', 'DERMOLIPECTOMIA ABDOMINAL CON O SIN RECONSTRUCCION DEL OMBLIGO', 9949.66),
	(413, '080202', 'HERNIOPLASTIA DIAFRAGMATICA O ISQUIORRECTAL', 14953.58),
	(414, '080203', 'HERNIOPLASTIA INGUINAL, CRURAL, EPIGASTRICA, UMBILICAL, OBTURATRIZ', 14638.32),
	(415, '080204', 'TRATAMIENTO QUIRURGICO DEL ONFALOCELE', 8288.74),
	(416, '080205', 'HERNIOPLASTIA BILATERAL', 12160.70),
	(417, '080206', 'EVENTRACION  -   HERNIA  RECIDIVADA', 9949.66),
	(418, '080207', 'CIERRE DE PARED ABDOMINAL POR EVISCERACION', 8288.74),
	(419, '080208', 'LAPAROTOMIA EXPLORADORA.', 16114.55),
	(420, '080209', 'ENTEROLISIS DEBRIDAMIENTO INTESTINAL', 9949.66),
	(421, '080211', 'LAPAROSCOPIA CONVENCIONAL INCLUYE BIOPSIA DIRIGIDA', 6780.20),
	(422, '080212', 'PERITONEOCENTESIS EVACUADORA, DIAGNOSTICA O PARA NEUMOPERITONEO', 518.38),
	(423, '080213', 'ESCISION TUMOR RETROPERITONEAL', 17683.00),
	(424, '080214', 'DRENAJE ABSCESO SUBFRENICO', 12054.91),
	(425, '80215', 'HERNIA HIATAL X VLP                               ', 12028.46),
	(426, '080216', 'HERNIOPLASTIA DIAFRAGMATICA CON FUNDOPLICATURA VIDEOLAPAROSCOPICA', 9040.27),
	(427, '080217', 'VIDEOLAPAROSCOPIA CON BIOPSIA O DIAGNOSTICA', 16114.55),
	(428, '080301', 'GASTRECTOMIA TOTAL', 40957.06),
	(429, '080302', 'GASTRECTOMIA SUBTOTAL O REGASTRECTOMIA CON O SIN VAGOTOMIA', 40957.06),
	(430, '080303', 'GASTROTOMIA EXPLORACION EXTRACCION CUERPO EXTRAÑO, ESCISION LOCAL DE ULCERA O TUMOR BENIGNO', 9949.66),
	(431, '080304', 'GASTROSTOMIA   COMO  UNICA  OPERACIÓN  POR  CUALQUIER  METODO (INCLUYE KIT)', 9949.66),
	(432, '080305', 'GASTRORRAFIA ULCERA-GASTRICA PERFORADA HERIDA, TRAUMATISMO', 12160.70),
	(433, '080306', 'GASTRODUODENOSTOMIA GASTROYEYUNOSTOMIA', 19343.92),
	(434, '080307', 'VAGOTOMIA CON PILOROPLASTIA O CON GASTROENTEROANASTOMOSIS', 12324.67),
	(435, '080308', 'PILOROMIOTOMIA. PILOROPLASTIA', 9949.66),
	(436, '080309', 'CIERRE O ELIMINACION GASTROENTEROANASTOMOSIS', 13774.01),
	(437, '080310', 'CIERRE DE FISTULA GASTROCOLICA', 11822.16),
	(438, '080311', 'CIERRE DE GASTROSTOMIA U OTRA FISTULA EXTERNA DE ESTOMAGO', 10240.59),
	(439, '080401', 'ENTERECTOMIA DE YEYUNO O ILEON', 12679.07),
	(440, '080402', 'ESCISION DIVERTICULO DE MECKEL', 9949.66),
	(441, '080403', 'ENTEROTOMIA ESTEROSTOMIA TEMPORARIA', 12351.12),
	(442, '080404', 'DERIVACIONES INTESTINALES INTERNAS', 15471.96),
	(443, '080405', 'OPERACION PLASTICA EN ILEOSTOMIA', 8225.26),
	(444, '080406', 'PLICATURA DE INTESTINO DELGADO OPERACION DE NOBLE-', 12160.70),
	(445, '80407', 'GASTROSTOMIA ENDOSCOPICA PERCUTANEA', 6780.20),
	(446, '080408', 'VAGOTOMIA CON O SIN PILOROPLASTIA POR VIDEOSCOPIA', 10546.98),
	(447, '080409', 'CIRUGIA GASTRICA DE PROCESOS BENIGNOS POR VIDEOSCOPIA', 10546.98),
	(448, '080410', 'CIRUGIA GASTRICA DE PROCESOS MALIGNOS POR VIDEOSCOPIA', 10546.98),
	(449, '080501', 'COLECTOMIA TOTAL SIN RECTO-CON RESTITUCION DEL TRANSITO EN UN TIEMPO', 31853.72),
	(450, '080502', 'COLECTOMIA TOTAL SIN RECTO.CON ILEOSTOMIA TEMPORARIA O DEFINITIVA', 31853.72),
	(451, '080503', 'HEMICOLECTOMIA DERECHA O IZQUIERDA (CUALQUIER METODO)', 27304.70),
	(452, '080504', 'COLECTOMIA  SEGMENTARIA RESECCION SEGMENTARIA DE COLON OPERACIÓN DE HARTMAN (CUALQUIER METODO)', 31853.72),
	(453, '080505', 'RESECCION ANTERIOR -OPERACIÓN DE DIXON O MAUNSEN', 27304.70),
	(454, '080506', 'OPERACIONES RADICALES PARA MEGACOLON', 31853.72),
	(455, '080508', 'COLOPROCTECTOMIA TOTAL INCLUYE ILEOSTOMIA', 32181.68),
	(456, '080509', 'PROCTOSIGMOIDECTOMIA ABDOMINOPERINEAL OPERACIÓN DE MILES', 37703.98),
	(457, '080511', 'PROCTECTOMIA', 19343.92),
	(458, '080512', 'PROTECTOM.CON PROSTATECTOMIA O COLPECTOMIA', 42856.01),
	(459, '080513', 'RECTOTOMIA SIGMOIDOTOMIA POR VIA ABDOMINAL', 24866.22),
	(460, '080514', 'PROCTOTOMIA CON DESCOMPRESION ANO IMPERFORADO', 9949.66),
	(461, '080515', 'DESCENSO TRANSANAL ATRESIA ANO RECTAL', 20999.55),
	(462, '080516', 'OPERACION PLASTICA EN MALFORMACIONES CONGENITAS ANORECTALES', 32181.68),
	(463, '080518', 'PROCTORRAFIA', 8288.74),
	(464, '080519', 'PROCTOPEXIA PROLAPSO DE RECTO VIA ABDOMINAL', 9949.66),
	(465, '080520', 'CONFECCION O CIERRE DE FISTULAS RECTOVESICALES', 24866.22),
	(466, '080521', 'COLOSTOMIA TEMPORARIA O DEFINITIVA UNICA INTERVENCION ', 24866.22),
	(467, '080522', 'OPERACIÓN PLASTICA COLOSTOMIA . CIERRE   DE  COLOSTOMIA', 12160.70),
	(468, '080523', 'DRENAJE ABSCESO PERIRRECTAL DE DOUGLAS', 8288.74),
	(469, '080524', 'APENDICECTOMIA    (  POR CUALQUIER  METODO  )', 16553.72),
	(470, '080525', 'EXTRACCION INSTRUMENTAL DE FECALOMAS INACCESIBLES', 8288.74),
	(471, '080526', 'EXTRACCION MANUAL DE FECALOMA', 782.85),
	(472, '080601', 'ANOPLASTIA ESTENOSIS CON O SIN ESFINTEROTOMIA', 8288.74),
	(473, '080602', 'ANOPLASTIA POR ESTENOSIS CON  DESLIZAMIENTO DE COLGAJOS', 8288.74),
	(474, '080603', 'ESFINTEROPLASTIA TIPO PICKREL O SIMILAR', 13985.59),
	(475, '080605', 'CERCLAJE DE ANO', 4977.48),
	(476, '080606', 'HEMORROIDECTOMIA CON O SIN FISURA ANAL', 8288.74),
	(477, '080607', 'TROMBECTOMIA INFARTECTOMIA TROMBOSIS HEMORROIDARIA', 782.85),
	(478, '080608', 'TRATAMIENTO QUIRURGICO DEL PROLAPSO MUCOSO OPERACIÓN  DE WHIT', 8288.74),
	(479, '080609', 'TRATAMIENTO  HEMORROIDES CON LIGADURA ELASTICA', 666.48),
	(480, '080610', 'TRATAMIENTO ESCLEROSANTE EN HEMORROIDES', 375.56),
	(481, '080611', 'FISTULECTOMIA O FISTULOTOMIA FISTULA DEL CANAL ANAL', 8288.74),
	(482, '080612', 'FISURECTOMIA CRIPTECTOMIA O PAPILECTOMIA', 4977.48),
	(483, '080613', 'ESFINTEROTOMIA COMO UNICA OPERACION', 4977.48),
	(484, '080614', 'ESCISION DE LESION DE PIEL PERIANAL', 782.85),
	(485, '080615', 'FULGURACION RADICAL DE CONDILOMAS ACUMINADOS  VOLUMINOSOS', 782.85),
	(486, '080616', 'INCISION DRENAJE DE ABSCESO PERIANAL', 3279.53),
	(487, '080617', 'TRATAMIENTO RADICAL DEL ABSCESO PERIANAL CON RESECCION DE CRIPTA DE ORIGEN', 8288.74),
	(488, '080618', 'TRATAMIENTO DE LAS LESIONES RECTOANALES CON ULTRASONIDO (LEEP o similares)', 9362.52),
	(489, '80619', 'VIDEO APENDICECTOMIA', 19991.25),
	(490, '080701', 'LOBECTOMIA HEPATICA', 42253.00),
	(491, '080702', 'SEGMENTECTOMIA HEPATICA', 42253.00),
	(492, '080703', 'HEPATECTOMIA PARCIAL ESCISION RADICAL LESION DE HIGADO QUISTE- TUMOR- ETCETERA', 42253.00),
	(493, '080704', 'HEPATOSTOMIA MARSUPIALIZACION DE QUISTES', 31203.11),
	(494, '080705', 'SUTURA DE HIGADO POR TRAUMATISMO HERIDA', 22755.68),
	(495, '080706', 'BIOPSIA DE HIGADO POR LAPARATOMIA', 9949.66),
	(496, '80707', 'COLECISTOSTOMIA', 9949.65),
	(497, '080708', 'SECCION DE AMPOLLA DE VATER', 12160.70),
	(498, '80709', 'COLECISTECTOMIA', 13001.74),
	(499, '80710', 'COLEDOCOTOMIA UNICO TRATAMIENTO ', 12160.70),
	(500, '80711', 'ANASTOMOSIS BILIODIGESTIVAS SIMPLES', 24866.22),
	(501, '80712', 'ANASTOMOSIS BILIODIGESTIVAS COMPLEJAS', 28785.78),
	(502, '80713', 'OPERACIONES REPARADORAS DE LA VIA BILIAR', 24056.91),
	(503, '80714', 'EXTRACCION INSTRUMENTAL DE CALCULOS', 3013.42),
	(504, '80715', 'COLEDOCOTOMIA UNICO TRATAMIENTO POR LAPAROTOMIA', 12053.69),
	(505, '080716', 'COLECISTECTOMIA CON O SIN COLEDOCOTOMIA TRANSLAPAROSCOPICA', 23065.56),
	(506, '80717', 'BIOPSIA DE HIGADO POR VIDEOLAPAROSCOPIA', 6780.20),
	(507, '80718', 'COLOCACION DE STENT DE VIA BILIAR ', 16950.50),
	(508, '80719', 'DILATACION DE VIA BILIAR PERCUTANEA', 5650.17),
	(509, '80721', 'COLANGIOPANCREATOGRAFIA RETROGRADA ENDOSCOPICA', 3013.42),
	(510, '80722', 'PAPILOTOMIA Y ESFINTEROTOMIA ENDOSCOPICA', 12053.69),
	(511, '080801', 'DUODENOPANCREATECTOMIA', 48753.87),
	(512, '080802', 'ANASTOMOSIS PANCREATICODIGESTIVAS', 38354.59),
	(513, '080803', 'ESCISION LOCAL LESION PANCREAS ADENOMA', 38354.59),
	(514, '080804', 'ESCISION CORPOROCAUDAL ESPLENOPANCREATECTOMIA', 38354.59),
	(515, '080805', 'SUTURA DE PANCREAS HERIDA TRAUMATISMO BIOPSIA', 16254.81),
	(516, '80806', 'BIOPSIA DE PANCREAS', 6026.85),
	(517, '080901', 'ESPLENECTOMIA UNICA INTERVENCION', 15471.96),
	(518, '080902', 'PUNCION ESPLENICA PERCUTANEA ESPLENOPORTOGRAFIA', 2099.95),
	(519, '090101', 'LINFADENECTOMIA CERVICAL AXILAR O INGUINAL UNILATERAL', 17556.05),
	(520, '090102', 'LINFADENECTOMIA CERVICAL AXILAR INGUINAL RADICAL BILATERAL', 21063.02),
	(521, '090103', 'ESCISION DE LESION DE CONDUCTOS LINFATICOS LINFANGIOMA HIGROMA', 8484.45),
	(522, '090104', 'DRENAJE DE SENO LINFATICO DERIVACION', 7722.76),
	(523, '090105', 'LINFADENECTOMIA BIOPSIA DE GANGLIO LINFATICO', 4702.42),
	(524, '090106', 'LINFADENOTOMIA', 666.48),
	(525, '090107', 'BIOPSIA DE GANGLIO LINFATICO POR PUNCION', 666.48),
	(526, '090108', 'DISECCION QUIRURGICA PARA LINFOADENOGRAFIA', 1941.27),
	(527, '90201', 'ESTUDIO DE GANGLIO CENTINELA CON COLORANTE', 9040.27),
	(528, '100101', 'NEFRECTOMIA TOTAL CUALQUIER VIA UTILIZADA', 28151.03),
	(529, '100102', 'NEFRECTOMIA PARCIAL', 28151.03),
	(530, '100103', 'NEFROURETERECTOMIA TOTAL CON CISTECTOMIA PARCIAL', 28151.03),
	(531, '100104', 'NEFROTOMIA NEFROSTOMIA NEFROPEXIA', 15471.96),
	(532, '100105', 'CIRUGIA VASCULORRENAL ANEURISMA FISTULA', 15799.91),
	(533, '100107', 'LUMBOTOMIA EXPLORADORA DRENAJE PERIRRENAL BIOPSIA', 9103.33),
	(534, '100108', 'TRATAMIENTO QUIRURGICO DE LA FISTULA LUMBAR CON RINON FUNCIONANTE', 12160.70),
	(535, '100109', 'BIOPSIA RENAL DIRIGIDA POR TAC O ECO', 6553.76),
	(536, '100110', 'PLASTIA UNION URETEROPIELICA  TRATAMIENTO DEL REFLUJO VESICO URETERAL ( POR CUALQUIER METODO )', 26202.85),
	(537, '100111', 'DERIVACIONES URETERALES A INTESTINO IN SITU', 21126.50),
	(538, '100112', 'DERIVACIONES URETERALES A PORCIONES INTESTINALES AISLADAS', 24866.22),
	(539, '100113', 'URETERECTOMIA PARCIAL', 14176.02),
	(540, '100114', 'PIELOTOMIA PIELOLITOTOMIA URETEROTOMIA', 12684.36),
	(541, '100115', 'EXTRACCIONDE CALCULOS URETERALES CUERPO EXTRAÑO', 8362.79),
	(542, '100116', 'TRATAMIENTO QUIRURGICO FISTULA URETEROINTESTINAL', 15471.96),
	(543, '100119', 'COLOCACION/RETIRO DE PIG TAIL DOBLE J', 4633.14),
	(544, '100120', 'RETROPERITONEOSCOPIA', 3013.42),
	(545, '100121', 'PLASTIA DE LA UNION URETEROPIELICA LAPAROSCOPICA', 12053.69),
	(546, '100123', 'URETEROLITOTOMIA LAPAROSCOPICA CON PINZA O DORMIA', 6780.20),
	(547, '100124', 'URETERORRENOSCOPIA CON LITOTOMIA LITOTRICIA Y ECTOMIA POR CUALQUIER METODO', 19594.78),
	(548, '100125', 'LITOTRICIA EXTRACORPOREA RENAL  ( HASTA  10  MM )', 7446.92),
	(549, '100126', 'LITOTRICIA EXTRACORPOREA URETERAL MODULO II', 10972.63),
	(550, '100127', 'LITOTRICIA EXTRACORPOREA MODULO III', 13714.84),
	(551, '100128', 'LITOTRIPSIA ENDOSCOPICA', 13560.40),
	(552, '100201', 'CISTECTOMIA TOTAL CON DERIVACION URETERAL A ASA DELGADA. O COLON, O NEOVEJIGA', 26913.28),
	(553, '100202', 'CISTECTOMIA TOTALCON  DERIVACION URETERAL A  INTESTINO IN SITU O PIEL', 24866.22),
	(554, '100203', 'CISTECTOMIA PARCIAL DIVERTICULECTOMIA RESECCION DE CUELLO VESICAL', 13816.33),
	(555, '100204', 'CISTOPLASTIA CON  COLON O ILIOCISTOPLASTIA', 20317.20),
	(556, '100205', 'CISTOPLASTIA PARA  LA EXTROFIA VESICAL', 15212.77),
	(557, '100206', 'TRATAMIENTO QUIRURGICO DE LA FISTULA VESICOINTESTINAL', 12515.10),
	(558, '100207', 'TRATAMIENTO QUIRURGICO FISTULA VESICOCUTANEA', 13816.33),
	(559, '100208', 'CISTOTOMIA A CIELO ABIERTO  EXTRACCION DECUERPO EXTRAÑO', 9949.66),
	(560, '100209', 'CISTOTOMIA POR PUNCION CON TROCAR', 2034.06),
	(561, '100210', 'RESECCION ENDOSCOPICA CUELLO VESICAL TUMORES', 12053.69),
	(562, '100213', 'TRATAMIENTO INCONTINENCIA DE ORINA  EN LA MUJER (CUALQUIER METODO) ', 12160.70),
	(563, '100301', 'EPISPADIAS O HIPOSPADIAS POR TIEMPO OPERATORIO', 19991.25),
	(564, '100302', 'URETROPLASTIA  POR TRUMATISMO CORRECCION DE FISTULA URETRORECTAL O VAGINAL ESTRECHEZ URETRAL', 25030.19),
	(565, '100303', 'URETROTOMIA EXTERNA O INTERNA', 9949.66),
	(566, '100304', 'URETRORRAFIA  POR  HEARIDA  O  DESGARRO', 9949.66),
	(567, '100305', 'MEATOTOMIA', 2893.39),
	(568, '100306', 'ELECTROCOAGULACION ENDOSCOPICA DE TUMORES URETRALES', 4892.84),
	(569, '100307', 'URETROPLASTIA FEMENINA', 10546.98),
	(570, '100401', 'PROSTATECTOMIA RADICAL', 19179.94),
	(571, '100402', 'ADENOMECTOMIA DE PROSTATA CON O SIN VASECTOMIA BILATERAL', 16254.81),
	(572, '100403', 'RESECCION DE FIBROSIS Y CICATRICES', 12053.69),
	(573, '100404', 'RESECCION.ENDOSCOPICA.TRASURETRAL PROSTATA CUALQUIER METODO (INCLUYE LASER)', 12053.69),
	(574, '100405', 'VESICULECTOMIA COMO UNICA OPERACION UNI O BILATERAL', 8288.74),
	(575, '100406', 'PROSTATOMIA DRENAJE', 4295.12),
	(576, '100407', 'BIOPSIA PROSTATICA POR PUNCION  ( SEXTANTE - INCLUYE  ANAT. PATOLOGICA )', 2211.04),
	(577, '100501', 'ORQUIDECTOM.UNILATERAL COMPLETA CON VACIAMIENTO', 17307.44),
	(578, '100502', 'ORQUIDECTOMIA SUB-ALBUGINEA BILATERAL', 9949.66),
	(579, '100503', 'ORQUIDECTOMIA UNILATERAL', 8780.67),
	(580, '100504', 'ORQUIDOPEXIA UNILATERAL CUALQUIER TECNICA CON SIN TRATAMIENTO DE HERNIA CONCOMITANTE', 13778.10),
	(581, '100505', 'ORQUIDOPEXIA BILATERAL CUALQUIER TECNICA CON SIN TRATAMIENTO DE HERNIA CONCOMITANTE', 15376.43),
	(582, '100506', 'TRATAMIENTO QUIRURGICO HIDROCELE VARICOCELE TORSION', 13840.65),
	(583, '100507', 'BIOPSIA DE TESTICULO', 4422.07),
	(584, '100508', 'ESCROTOPLASTIA', 4422.07),
	(585, '100509', 'DRENAJE DE ABSCESO TESTICULAR LESION LOCAL DE TESTICULO', 1941.27),
	(586, '100510', 'PUNCION DERRAME ESCROTAL', 782.85),
	(587, '100601', 'EPIDIDIMECTOMIA BILATERAL', 8288.74),
	(588, '100602', 'EPIDIDIMECTOMIA UNILATERAL', 7183.22),
	(589, '100603', 'EPIDIDIMOVASOSTOMIA   EN  UN  TIEMPO  Y  ANASTOMOSIS DEL CONDUCTO DEFERENTE', 10208.85),
	(590, '100604', 'EPIDIDIMOTOMIA Y DRENAJE', 782.85),
	(591, '100605', 'ANASTOMOSIS DEL CONDUCTO DEFERENTE', 7183.22),
	(592, '100606', 'BIOPSIA DE EPIDIDIMO', 4422.07),
	(593, '100607', 'VASECTOMIA   LIGADURA DE CONDUCTOS DEFERENTES', 8288.74),
	(594, '100701', 'AMPUTACION RADICAL,PARCIAL DE PENE CON VACIAMIENTO', 15551.30),
	(595, '100702', 'AMPUTACION COMPLETA O.PARCIAL DE PENE', 10208.85),
	(596, '100703', 'OPERACION PLASTICA DEL PENE POR TIEMPO OPERATORIO', 7997.81),
	(597, '100704', 'ESCISION TOTAL DE LESION DE PENE', 6500.87),
	(598, '100705', 'BIOPSIA DE PENE', 782.85),
	(599, '100706', 'CAVERNOSTOMIA PUNCION CUERPOS CAVERNOSOS', 4422.07),
	(600, '100707', 'RESECCION DE ESCLEROSIS EN CUERPOS CAVERNOSOS', 6500.87),
	(601, '100708', 'SHUNT CAVERNO-ESPONJOSO O CAVERNO-SAFENO', 10208.85),
	(602, '100709', 'POSTIOPLASTIA FIMOSIS, CIRCUNSICION  INCLUYE  FRENULOTOMIA. (SOLO NIÑOS) ', 8463.70),
	(603, '100710', 'CIRCUNCISION', 4702.42),
	(604, '100711', 'INCISION DORSAL O LATERAL  DEL  PREPUCIO ,  FRENULOTOMIA   Y  FIMOSIS  DEL  ADULTO', 1951.85),
	(605, '101101', 'COLOCACION DE STENT URETRAL', 6780.20),
	(606, '101102', 'TRATAMIENTO ENDOSCOPICO DE LESIONES DE PROSTATA ', 2034.06),
	(607, '101103', 'NEFROSTOMIA PERCUTANEA UNILATERAL X TAC', 2896.65),
	(608, '101104', 'NEFROSTOMIA PERCUTANEA BILATERAL POR TAC', 5209.45),
	(609, '110101', 'CIRUGIA SOBRE ANEXOS', 20667.15),
	(610, '110102', ' LAPAROSCOPIA DIAGNOSTICA', 1089.65),
	(611, '110103', 'CELIOSCOPIA O LAPAROSCOPIA CON', 1311.81),
	(612, '110104', 'LIGADURA DE TROMPAS UNICA OPERACION', 12301.90),
	(613, '110105', 'MICROCIRUGIA TUBARIA PARA TRATAMIENTO DE ESTERILIDAD', 8780.67),
	(614, '110201', 'HISTERECTOMIA RADICAL, COLPOANEXOHISTERECTOMIA TOTAL ( OP. DE  WARTAIN )', 22373.60),
	(615, '110202', 'EXENTERACION PELVIANA OPERACIÓN DE BRUSGWIG', 22702.79),
	(616, '110203', 'HISTERECTOMIA CON O SIN  ANEXECTOMIA POR VIA ABDOMINAL O VAGINAL CON O SIN COLPOPERINEORRAFIA', 13816.33),
	(617, '110204', 'MIOMECTOMIA UTERINA POR VIA ABDOMINAL ', 8648.43),
	(618, '110205', 'MIOMECTOMIA VAGINAL MIOMA-NACENS', 7151.48),
	(619, '110206', 'MIOMECTOMIA VAGINAL POR HISTEROTOMIA CON LIBERACION DE VEJIGA', 7151.48),
	(620, '110207', 'HISTERORRAFIA FUERA DEL PARTO', 7151.48),
	(621, '110208', 'OPERACION CORRECTORA DE MALFORMACIONES UTERINAS', 8780.67),
	(622, '110209', 'CORRECCION QUIRURGICA DE LA INVERSION UTERINA POR VIA ABDOMINAL, HISTEROPEXIA', 8780.67),
	(623, '110210', 'RASPADO UTERINO TERAPEUTICO', 6765.15),
	(624, '110211', 'RASPADO UTERINO DIAGNOSTICO CON O SIN BIOPSIA DE CUELLO O ASPIRACION ENDOMETRIAL PARA CITOLOGIA EXFOLIATIVA', 3427.63),
	(625, '110212', 'AMPUTACION DE CUELLO TRAQUELECTOMIA, TRAQUELOPLASTIA', 7183.22),
	(626, '110213', 'CONIZACION DE CUELLO ', 4876.97),
	(627, '110214', 'TRAQUELORRAFIA FUERA DEL PARTO, CERCLAJE DE CUELLO UTERINO', 4876.97),
	(628, '110215', 'ESCISION LOCAL DE LESION DE CUELLO , ELECTROCOAGULACION O CAUTERIZACION QUIMICA, BIOPSIA DE CUELLO', 1941.27),
	(629, '110217', 'COLOCACION DE DISPOSITIVO INTRAUTERINO', 2248.06),
	(630, '110218', 'VLP DIAGNOSTICA', 12547.95),
	(631, '110219', 'VLP TERAPEUTICA SOBRE ANEXOS ', 20789.30),
	(632, '110219', 'CONIZACION DE CUELLO  POR LEEP', 3674.76),
	(633, '110220', 'VIDEOLAPAROSCOPIA UTERINA INCL. ANESTESIA Y A.P.', 10546.98),
	(634, '110221', 'CRIOTERAPIA DE CUELLO', 3768.40),
	(635, '110224', 'HISTEROSCOPIA. RESECCION. INCLUYE ANESTESIA Y A.P.', 7802.50),
	(636, '110301', 'TRATAMIENTO QUIRURGICO DE LA AGENESIA VAGINAL', 13937.99),
	(637, '110303', 'COLPORRAFIA ANTERIOR Y/O  POSTERIOR CON O SIN AMPUTACION DE CUELLO, INCLUYE TRATAMIENTO DE LA INCONTINENCIA DE ORINA', 9558.23),
	(638, '110304', 'COLPORRAFIA POR HERIDA O DESGARRO FUERA DEL PARTO', 8648.43),
	(639, '110305', 'COLPORRAFIA POSTERIOR CON RECONSTRUCCION DEL ESFINTER DEL ANO', 8648.43),
	(640, '110306', 'COLPOPEXIA POR VIA ABDOMINAL', 9558.23),
	(641, '110307', 'COLPOPEXIA COMBINADA POR VIA ABDOMINAL Y VAGINAL', 9558.23),
	(642, '110308', 'COLPOCLEISIS ', 7183.22),
	(643, '110309', 'COLPOTOMIA, VAGINOTOMIA DE DRENAJE', 4702.42),
	(644, '110310', ' RESECCION DE TABIQUE VAGINAL', 4702.42),
	(645, '110311', 'BIOPSIA DE VAGINA PUNCION DE FONDO DE SACO DE DOUGLAS', 782.85),
	(646, '110312', 'VULVECTOMIA RADICAL', 18492.30),
	(647, '110313', 'VULVECTOMIA SIMPLE', 7183.22),
	(648, '110314', 'ESCISION DE LABIOS MAYORES,MENORES, GLANDULA DE BARTHOLINO, GLANDULA DE SKENE', 6500.87),
	(649, '110315', 'INCISION Y DRENAJE DE VULVA', 6500.87),
	(650, '110316', 'EPISIORRAFIA O PERINEORRAFIA', 6500.87),
	(651, '110401', 'PARTO', 14713.05),
	(652, '110402', 'EVACUACION UTERINA 2DO TRIMESTRE DEL EMBARAZO CON MECANISMO DE PARTO', 6082.99),
	(653, '110403', 'OPERACION CESAREA CLASICA, EXTRAPERITONEAL,VAGINAL', 16655.82),
	(654, '110404', 'AT.AL.Y COMPLIC. FUERA DEL PARTO', 660.91),
	(655, '110405', 'AMNIOCENTESIS  ( POR  CUALQUIER METODO )', 1407.02),
	(656, '110407', 'CESAREA MAS LIGADURA ', 23692.50),
	(657, '110410', 'PARTO O CESAREA DE ALTO RIESGO ', 23373.60),
	(658, '110501', 'CIRUGIA LAPAROSCOPICA GINECOLOGICA  DE ANEXOS.', 10546.98),
	(659, '110502', 'VIDEOHISTEROSCOPIA DIAGNOSTICA ', 1657.38),
	(660, '110503', 'VIDEOHISTEROSCOPIA TERAPEUTICA', 10546.98),
	(661, '120201', 'OSTEOPLASTIA DE COLUMNA CERVIC', 7917.56),
	(662, '120202', 'REDUCCION ESCAPULA, HUMERO, CUBITO  ', 3316.55),
	(663, '120203', 'REDUCCION PELVIS, FEMUR TIBIA Y PERONE', 3946.01),
	(664, '120204', 'REDUCCION CLAVICULA, COSTILLA O ROTULA ', 2216.33),
	(665, '120301', 'REDUCCION OSTEOSINTESIS COLUMNA CERVICAL DORSAL O LUMBAR', 42475.16),
	(666, '120302', 'REDUCCION OSTEOSINTESIS HUMERO PELVIS SACRO FEMUR TIBIA PERONE CUBITO', 19798.82),
	(667, '120303', 'REDUCCION OSTEOSINTESIS CUBITO RADIO TERCIO INFERIOR  CARPO  PRIMER METACARPIANO-TARSO MAXILARES ', 13076.50),
	(668, '120304', 'REDUCCION OSTEOSINTESIS ESTERNON COSTILLA CLAVICULA ESCAPULA ROTULA  ', 8288.74),
	(669, '120305', 'REDUCCION OSTEOSINTESIS METACARPIANOS EXCEPTO EL PRIMERO, METATARSIANO, FALANGES, MALAR, PROPIODE LA NARIZ', 7151.48),
	(670, '120306', 'LEFORT II Y LEFORT III', 23406.30),
	(671, '120307', 'FRACTURA DE MALAR', 15799.91),
	(672, '120308', 'FRACTURA DE MAXILAR SUPERIOR E INFERIOR', 10546.98),
	(673, '120309', 'HEMIMANDIBULECTOMIA', 10546.98),
	(674, '120401', 'INCISION, RESECCION PARCIAL DE VERTEBRAS LAMINECTOMIA', 32763.53),
	(675, '120402', 'INCISION RESECCION PARCIAL DECOXAL FEMUR HUMERO', 8897.04),
	(676, '120403', 'INCISION RESECCION PARCIAL DE ESTERNON ESCAPULA CUBITO RADIO CARPO.TIBIA.PERONE TARSO', 4834.66),
	(677, '120404', 'INCISION RESECCION PARCIAL DE COSTILLA CLAVICULA METACARPO METATARSO FALANGES', 3485.82),
	(678, '120405', 'PUNCION BIOPSIA DE VERTEBRAS', 3120.84),
	(679, '120406', 'PUNCION BIOPSIA DE CUALQUIER OTRO HUESO', 2491.38),
	(680, '120501', 'RESECCION TOTAL DE ESCAPULA HUMERO ISQUION ILION', 13816.33),
	(681, '120502', 'RESECCION TOTAL DE COXAL FEMUR TIBIA HUMERO MAXILAR SUPERIOR INFERIOR', 17132.88),
	(682, '120503', 'RESECCION TOTAL DE CUBITO RADIO PERONE CARPO  ASTRAGALO CALCANEO TARSO COSTILLAS MALAR', 12160.70),
	(683, '120504', 'RESECCION TOTAL DE CLAVICULA ROTULA METATARSIANO O METATARSIANO FALANGE DE UN MISMO DEDO', 7183.22),
	(684, '120601', 'OSTEOTOMIAS CORRECTIVAS FEMUR TIBIAL TIBIA Y PERONE', 15471.96),
	(685, '120602', 'OSTEOTOMIAS CORRECTIVAS HUMERO CUBITAL .Y/O.RADIAL .ASTRAGALO Y/O.CALCANEO MAXILAR SUP. O INF. ', 12160.70),
	(686, '120603', 'OSTEOTOMIA CORRECTIVA METACARPIANO METATARSIANO FALANGES', 8288.74),
	(687, '120701', 'OSTEOPLASTIA CLAVICULA', 8288.74),
	(688, '120702', 'OSTEOPLASTIA HUMERO', 11949.11),
	(689, '120703', 'OSTEOPLASTIA CUBITO RADIO CARPO HUESOS DE LA CARA', 8288.74),
	(690, '120704', 'OSTEOPLASTIA METACARPIANO', 7183.22),
	(691, '120705', 'OSTEOPLASTIA FALANGES ', 5252.53),
	(692, '120706', 'OSTEOPLASTIA FEMUR TIBIA PERONE', 12769.00),
	(693, '120707', 'OSTEOPLASTIA ASTRAGALO CALCANEO OTROS HUESOS DEL TARSO', 9299.04),
	(694, '120708', 'OSTEOPLASTIA METATARSIANO  FALANGES ', 7183.22),
	(695, '120801', 'ARTROCENTESIS DIAGNOSTICA TERAPEUTICA ARTROGRAFIA', 502.51),
	(696, '120901', 'ARTROTOMIA SACRO-ILIACA CONDRO-COSTAL CONDRO-ESTERNAL', 12060.19),
	(697, '120902', 'ARTROTOMIA HOMBRO CADERA RODILLA', 9547.65),
	(698, '120903', 'ARTROTOMIA METACARPO/METATARSO/FALANGICA INTERFALANGICA', 4702.42),
	(699, '121001', 'ARTROPLASTIA CADERA', 22612.86),
	(700, '121002', 'ARTROPLASTIA RODILLA', 20100.32),
	(701, '121003', 'ARTROPLASTIA HOMBRO CODO MUÑECA.CUELLO DE PIE TEMPORO-MANDIBULAR', 16582.77),
	(702, '121004', 'ARTROPLASTIA ESTERNO-CLAVICULAR CARPO.TARSO-METATARSIANA', 12060.19),
	(703, '121005', 'ARTROPLASTIA ACROMIO CLAVICULAR METACARPO-FALANGICA', 7035.11),
	(704, '121007', 'VIDEO ARTROSCOPIA', 19991.25),
	(705, '121101', 'ARTRODESIS COLUMNA CERVICAL DORSAL LUMBAR ', 36683.09),
	(706, '121102', 'ARTRODESIS COLUMNA CERVICAL DORSAL LUMBAR CADERA RODILLA', 40200.65),
	(707, '121103', 'ARTRODESIS HOMBRO CODO', 7537.62),
	(708, '121104', 'ARTRODESIS ESTERNO CLAVICULAR MUÑECA TARSO TIBIOTARSAL TARSOMETATARSIANA SINFISIS PUBIANA', 7537.62),
	(709, '121105', 'DOBLE ARTRODESIS CHOPART SUB ASTRAGALINA', 15075.24),
	(710, '121106', 'TRIPLE ARTRODESIS TIBIOTARSIANA SUBASTRAGALINA', 12562.70),
	(711, '121107', 'METACARPO FALANGICA METATARSO FALANGICA INTERFALANGICA', 7035.11),
	(712, '121108', 'ARTRODESIS CERVICAL CON INSTRUMENTACION', 44357.58),
	(713, '121109', 'ARTRODESIS CERVICAL SIN INSTRUMENTACION', 44357.58),
	(714, '121110', 'ARTRODESIS DORSAL O LUMBAR CON INSTRUMENTACION', 44357.58),
	(715, '121111', 'ARTRODESIS DORSAL O LUMBAR SIN INSTRUMENTACION', 44357.58),
	(716, '121201', 'SUTURA DE CAPSULA O LIGAMENTOS ESTERNOCLAVICULAR ACROMIO CLAVICULAR CODO MUNECA CARPO', 8040.13),
	(717, '121202', 'SUTURA DE CAPSULA O LIGAMENTOS HOMBRO CADERA RODILLA TEMPORO MAXILAR', 8040.13),
	(718, '121203', 'SUTURA DE CAPSULA O LIGAMENTOS METACARPO O METATARSO FALANGICA INTERFALANGICA', 6532.61),
	(719, '121204', 'ESCISION O INCISION BIOPSIA DRENAJE O EXTRACCION DE DEPOSITOS', 6532.61),
	(720, '121301', 'INMOVILIZACION POR LUXACION DE COLUMNA CERVICAL DORSAL O LUMBAR', 29145.47),
	(721, '121302', 'INMOVILIZACION POR LUXACION DE CADERA RODILLA', 6532.61),
	(722, '121303', 'INMOVILIZACION POR LUXACION DE CLAVICULA HOMBRO CODO MUÑECA METACARPO TOBILLO', 4702.42),
	(723, '121304', 'INMOVILIZACION DE METACARPO O METATARSO FALANGICA POR UNA O MAS LUXACIONES', 2248.06),
	(724, '121305', 'TRATAMIENTO QUIRURGICO E INMOVILIZACION POR LUXACION DE COLUMNA CERVICAL DORSSAL LUMBAR', 39200.92),
	(725, '121306', 'TRATAMIENTO QUIRURGICO E INMOVILIZACION POR LUXACION DE CADERA RODILLA', 17683.00),
	(726, '121307', 'TRATAMIENTO QUIRURGICO E INMOVILIZACION POR LUXACION DE CLAVICULA HOMBRO CODO MUÑECA METACARPO TOBILLO', 8288.74),
	(727, '121308', 'TRATAMIENTO QUIRURGICO E INMOVILIZACION POR LUXACION DE METACARPO  METATARSO FALANGICA TEMPOROMAXILAR', 7183.22),
	(728, '121401', 'MIECTOMIAS CON VACIAMIENTO DE CELDA MUSCULAR.', 9949.66),
	(729, '121402', 'INCISION DE MUSCULOS ESCISION DE LESION LOCAL BIOPSIA MIORRAFIAS', 7183.22),
	(730, '121501', 'EXPLORACION DRENAJE EXTRACCION INCISION, BIOPSIA, TENOTOMIA FASCIOTOMIA', 5252.53),
	(731, '121502', 'REPARACION Y SUTURA TENORRAFIA DE TENDON DE LA MUÑECA O DE DEDO DE LA MANO', 5252.53),
	(732, '121503', 'TENOPLASTIA CON ALARGAMIENTO O ACORTAM.IENTO O INJERTO TENDON FLEXOR DE LA MUÑECA O DEDO', 5548.75),
	(733, '121504', 'REPARACION O SUTURA TENORRAFIA EN TENDON EXTENSOR DE LA MUÑECA O DEDO', 5252.53),
	(734, '121505', 'TENOPLASTIA CON ALARGAMIENTO O ACORTAMIENTO O INJERTO DE TENDON EXTENSOR DE LA MUÑECA O DEDO', 5252.53),
	(735, '121506', 'REPARACION SUTURA TENORRAFIA DE OTRO TENDON ', 5252.53),
	(736, '121507', 'TENOPLASTIA CON ALARGAMIENTO O ACORTAMIENTO O INJERTO DE TENDON ', 6358.05),
	(737, '121508', 'TRATAMIENTO DE LA SECUELA POR PARALISIS, POLIMIELITIS', 10288.19),
	(738, '121509', 'ESCISION GANGLION', 1941.27),
	(739, '121601', ' INTERESCAPULOTORACICA', 21893.48),
	(740, '121602', 'HOMBRO', 16968.91),
	(741, '121603', 'BRAZO CODO ANTEBRAZO .MUNECA MANO', 9981.40),
	(742, '121604', 'INTERILEOABDOMINAL', 23020.16),
	(743, '121605', 'CADERA', 20745.65),
	(744, '121606', 'MUSLO O RODILLA', 15471.96),
	(745, '121607', 'PIE O PIERNA', 10441.59),
	(746, '121608', 'DEDO DE LA MANO', 5252.53),
	(747, '121609', 'DEDO DEL PIE', 7183.22),
	(748, '121701', 'DISCECTOMIA CERVICAL DORSAL O LUMBAR', 38381.04),
	(749, '121702', 'DISCECTOMIA CERVICAL DORSAL LUMBAR CON ARTRODESIS', 41538.91),
	(750, '121703', 'TRATAMIENTO QUIRURGICO ELEVACION CONGENITA DE ESCAPULA', 12160.70),
	(751, '121704', 'TENOTOMIA Y/O FASCIOTOMIAS UNICAS O MULTIPLES PARA EL TRATAMIENTO DE LA TORTICOLIS', 16031.25),
	(752, '121705', 'OPERACIONES EN EL HUECO SUPRACLAVICULAR', 8288.74),
	(753, '121706', 'TRATAMIENTO QUIRURGICO DE LA LUXACION INVETERADA Y RECIDIVANTE DE HOMBRO', 11340.81),
	(754, '121707', 'APONEURECTOMIA PALMAR PARCIAL O TOTAL CON O SIN INJERTO', 5252.53),
	(755, '121708', 'DUPUYTREN.APONEURECTOMIA PARCIAL', 7183.22),
	(756, '121709', 'APONEURECTOMIA PARCIAL TRATAMIENTO SINDACTILIA', 7199.09),
	(757, '121710', 'TRATAMIENTO QUIRURGICO DE LA SINDACTILIA DE UN ESPACIO DIGITAL SIN INJERTO', 5252.53),
	(758, '121711', 'TRATAMIENTO QUIRURGICO DE LA SINDACTILIA DE UN ESPACIO DIGITAL CON INJERTO', 7183.22),
	(759, '121712', 'RECONSTRUCCION TOTAL DEL PULGAR POR TRANSPOSICION', 12345.83),
	(760, '121713', 'TRAT.QUIRURG.C/RECONSTRUC.PARCIAL', 12160.70),
	(761, '121714', 'LUXACION CONGENITA DE CADERA REDUCCION  INCRUENTA', 7183.22),
	(762, '121715', 'LUXACION CONGENITA DE CADERA REDUCCION CRUENTA.', 19343.92),
	(763, '121716', 'DISPLASIA DE CADERA SIN LUXACION     ', 18082.85),
	(764, '121717', 'EPIFISIOLISIS DE CADERA COXAVARA DEL ADOLESCENTE', 15471.96),
	(765, '121718', 'TRATAMIENTO QUIRURGICO DE LA LUXACION TRAUMATICA INVETERADA DE CADERA', 15471.96),
	(766, '121719', 'CUADRICEPSPLASTIA OPERACIÓN DE  JUDET ', 12160.70),
	(767, '121720', 'LUXACION RECIDIVANTE DE ROTULA', 5252.53),
	(768, '121721', 'PIE ZAMBO VARO', 9949.66),
	(769, '121722', 'PIE EQUINO TRATAMIENTO QUIRURGICO', 18082.85),
	(770, '121723', 'PIE PLANO O PIE CAVO TRATAMIENTO  QUIRURGICO ', 9949.66),
	(771, '121724', 'SEUDOEXOSTOSIS DE HAGLUND', 7183.22),
	(772, '121725', 'TRATAMIENTO QUIRURGICO DEL PIE HENDIDO', 7183.22),
	(773, '121726', 'TRATAMIENTO QUIRURGICO COMPLETO DEL HALLUS VALGUS', 8288.74),
	(774, '121727', 'TRATAMIENTO QUIRURGICO DEL DEDO EN GARRA O EN MARTILLO', 6500.87),
	(775, '121728', 'EXERESIS DEL NEUROMA DE MORTON', 4702.42),
	(776, '121729', 'CIRUGIA ESCOLIOSIS VIA POSTERIOR', 63368.51),
	(777, '121730', 'CIRUGIA ESCOLIOSIS VIA ANTERIOR', 86003.08),
	(778, '121801', 'INFILTRACIONES MUSCULARES, PERIARTICULAR', 470.77),
	(779, '121802', 'MOVILIZACION FORZADA DE ARTICULACIONES BAJO-ANESTESIA GENERAL', 1544.55),
	(780, '121901', 'FRONDA ARTICULAR PARA MAXILARES', 460.19),
	(781, '121902', 'YESO PARA NARIZ', 391.43),
	(782, '121903', 'MINERVA', 1253.63),
	(783, '121904', 'COLLAR DE SCHANZ ENYESADO', 391.43),
	(784, '121905', 'VENDAJE DE SCHANZ', 423.16),
	(785, '121906', 'CORSET', 973.28),
	(786, '121907', 'CORSELETE', 650.62),
	(787, '121908', 'CORSET DE RISSER O SIMILARES', 1592.16),
	(788, '121909', 'LECHO DE LORENZ HASTA CADERA', 1147.83),
	(789, '121910', 'LECHO DE LORENZ HASTA PIE', 962.70),
	(790, '121911', 'VENDAJE DE CINGULO PARA COSTILLA', 391.43),
	(791, '121912', 'VENDAJE EN OCHO ENYESADO', 423.16),
	(792, '121913', 'VENDAJE DE ROBERT  JONES-ACROMIO CLAVICU', 423.16),
	(793, '121914', 'VELPEAU DE YESO', 391.43),
	(794, '121915', 'VENDAJE DE VELPEAU', 391.43),
	(795, '121916', 'YESO TORACO-BRAQUIAL', 1057.91),
	(796, '121917', 'YESO BRAQUIPALMAR', 650.62),
	(797, '121918', 'YESO COLGANTE', 460.19),
	(798, '121919', 'YESO ANTEBRAQUIPALMAR', 423.16),
	(799, '121920', 'MANO DE YESO', 391.43),
	(800, '121921', 'VALVA LARGA PARA MIEMBRO SUPERIOR', 621.52),
	(801, '121922', 'VALVA CORTA PARA MIEMBRO SUPERIOR', 621.52),
	(802, '121923', 'YESO PELVIPEDIO', 1195.44),
	(803, '121924', 'DUCROCQUET', 788.14),
	(804, '121925', 'CALZA DE YESO YESO-CRURO-PEDICO', 650.62),
	(805, '121926', 'BOTA LARGA DE YESO', 650.62),
	(806, '121927', 'BOTA CORTA DE YESO', 650.62),
	(807, '121928', 'BOTIN DE YESO', 391.43),
	(808, '121929', 'VALVA LARGA DE MIEMBRO INFERIOR', 423.16),
	(809, '121930', 'VALVA CORTA DE MIEMBRO INFERIOR', 423.16),
	(810, '121931', 'PASTA DE UNNA', 391.43),
	(811, '121932', 'TRACCION CONTINUA DE PARTES BLANDAS', 412.59),
	(812, '121933', 'TRACCION DE COTREL- CEFALO PELVICO', 1232.47),
	(813, '121934', 'TRACCION CONTINUA ESQUELETICA-CEFALICA', 1031.46),
	(814, '121935', 'TRACCION CONTINUA ESQUELETICA CEFALOPELVICA', 1370.00),
	(815, '121936', 'TRACCION CONTINUA ESQUELETICA MIEMBRO SUPERIOR / INFERIOR', 650.62),
	(816, '122001', 'ARTROSCOPIA DE HOMBRO', 14070.23),
	(817, '122002', 'ARTROSCOPIA DE RODILLA', 9547.65),
	(818, '122003', 'ARTROSCOPIA DE RODILLA CON REPARACION DE LIGAMENTO CRUZADO', 10546.98),
	(819, '130101', 'ESCISION DE QUISTE DERMOIDEO SACROCOXIGEO', 7183.22),
	(820, '130102', 'ESCISION AMPLIA DE LESION DE PIEL TUMOR MALIGNO', 7183.22),
	(821, '130103', 'ESCISIION RADICAL DE ANGIOMA CAVERNOSO MAYOR ', 7183.22),
	(822, '130104', 'ESCISION LOCAL DE LESION DE PIEL O GLANDULA', 528.96),
	(823, '130105', 'INCISION Y DRENAJE DE ABSCESO SUPERFICIAL HIDROSADENITIS QUISTE SEBACEO ANTRAX  NEVUS', 528.96),
	(824, '130106', 'DESTRUCCION DE LESION  DE PIEL POR', 528.96),
	(825, '130107', 'DESTRUCCION DE LESION DE PIEL VERRUGA POR ELECTROCOAGULACION ', 528.96),
	(826, '130108', 'BIOPSIA DE PIEL Y/O TEJIDO CELULAR SUBCUTANEO', 860.22),
	(827, '130109', 'ESCISION DE UÑA LECHO O REPLIEGUE UNGUEAL', 860.22),
	(828, '130110', 'SUTURAS DE HERIDAS', 860.22),
	(829, '130112', 'ESCISION DE TUMOR DE TEJIDO CELULAR SUBCUTANEO LIPOMA', 860.22),
	(830, '130113', 'ESCISION DE LIPOMA GIGANTE ', 4226.36),
	(831, '130114', 'INCISION DRENAJE DE ABSCESO PROFUNDO SUBAPONEUROTICO', 1352.30),
	(832, '130115', 'IMPLANTACION DE PELLETS EN TEJIDO SUBCUTANEO', 751.12),
	(833, '130201', 'INJERTO LIBRE DE GASA DERMIGRASA O PIEL', 4099.41),
	(834, '130202', 'PREPARACION DE.COLGAJO TUBULADO ', 4099.41),
	(835, '130203', 'ADELGAZAMIENTO DE.PIEL TRANSPLANTE DE GRASA', 4099.41),
	(836, '130204', 'CIERRE PLASTICO DE HERIDA POR COLGAJO', 4099.41),
	(837, '130205', 'TRANSPORTE DE TUBO DE INJERTO', 1290.65),
	(838, '130206', 'OPERACIÓN RELAJANTE EN *Z* ZETOPLASTIA', 4681.26),
	(839, '130207', 'TOMA Y COLOCACION DE INJERTO DE PIEL', 1031.46),
	(840, '130208', 'DERMOABRASION POR TRATAMIENTO ZONAL', 1264.20),
	(841, '130209', 'INJERTO PINCH ', 1264.20),
	(842, '130210', 'INJERTO DIFERIDO DEL COLGAJO SEPARACION DELPEDICULO', 1629.18),
	(843, '130211', 'PREPARACION DEL COLGAJO CIERRE PLASTICO POR ROTACION', 1745.55),
	(844, '130212', 'COLGAJOS MIOCUTANEOS CON ANASTOMOSIS VASCULAR', 3013.42),
	(845, '130301', 'ATENCION DEL PACIENTE CON QUEMADURAS DE   2do.  Y  3er. GRADO  HASTA  EL  5 % DE  SUP.  CORPORAL', 282.51),
	(846, '130302', 'ATENCION  DEL  PAC., CON QUEM. DE  2do.  Y  3er. GRADO DE  MAS  DEL  5%  Y  POR C/ 10%  O  FRACCION DE SUP. COR.', 470.85),
	(847, '130303', 'ATENCION DEL PAC., CON QUEM. DE 2do. Y 3er. GR. (COMPROMETEN ZONAS FUNCIONALES) + DEL 5% Y POR C/ 10% O FR.', 602.68),
	(848, '130304', 'ESCISION DE ESCARAS POSTQUEMADURAS CURACION PACIENTES CON QUEMADURAS EN QUIROFANO BAJO ANESTESIA GENERAL', 791.02),
	(849, '140101', 'TESTIFICACION  TOTAL ( UNA VEZ POR AÑO, MAXIMO DOS VECES )', 470.77),
	(850, '140102', 'TEST DE ALERG. DROGAS  ( HASTA 2 DROGAS POR AÑO, EN ESTABLECIMIENTO ACREDITADOS, USO EVENTUAL DE UTI, INTUBACION, O2 Y OTROS )', 285.64),
	(851, '140103', 'TESTIFICACION POR DROGAS', 1407.02),
	(852, '140104', 'INMUNOTERAPIA  MENSUAL  ( INCLUYE PROVISION DE ALERGENOS )', 470.77),
	(853, '150101', 'BIOPSIA POR INCISION  O POR PUNCION', 491.93),
	(854, '150102', 'ESTUDIO MACRO Y MICROSCOPICO', 555.40),
	(855, '150103', 'ESTUDIO MACRO Y MICROSCOPICO', 650.62),
	(856, '150104', 'BIOPSIA POR CONGELACION Y ESTUDIO', 650.62),
	(857, '150105', 'ESTUDIO BIOPSICO SERIADO Y SEMISERIADO', 650.62),
	(858, '150106', 'CITOLOGIA EXFOLIATIVA ONCOLOGICA', 380.85),
	(859, '150107', 'CITOLOGIA EXFOLIATIVA HORMONAL', 380.85),
	(860, '150110', 'CITOLOGIA EXFOLIATIVA ONCOLOICA .BRONQUIAL', 449.61),
	(861, '150111', 'CITOLOGIA EXFOLIATIVA ONCOLOGICA DE LIQUIDO LAVADOS TRASUDADOS ', 113.00),
	(862, '150112', 'PUNCION BIOPSIA BAJO CONTROL ECOGRAFICO DE CUALQUIER ORGANO', 1915.00),
	(863, '150113', 'PUNCION BIOPSIA BAJO CONTROL TOMOGRAFICO DE CUALQUIER ORGANO', 2452.25),
	(864, '150114', 'PUNCION BIOPSIA RENAL TRASPLANTES', 2452.25),
	(865, '150119', 'ANTICUERPOS MONOCLONALES INDIFER. + 5 SUEROS', 1243.04),
	(866, '150201', 'RECEPTORES  HORMONALES   POR  INMUNOHISTOQUIMICA  CA.  DE  MAMA  ( ESTROGENOS  Y  PROGESTERONA )', 1243.04),
	(867, '150202', 'ANTICUERPOS  MONOCLONALES   PARA  LINFOMAS.', 2071.73),
	(868, '150203', 'ERB-B-2 ( HER 2 NEU )', 2260.07),
	(869, '170101', 'E.C.G. EN CONSULTORIO', 160.38),
	(870, '170104', 'ECG DE HOLTER P/24 HS.1 CANAL', 846.33),
	(871, '170105', 'SOBREESTIMULACION CARDIACA C/', 470.77),
	(872, '170106', 'ECG C/DERIVACION INTRAESOFAGICA', 1872.50),
	(873, '170111', 'ERGOMETRIA - CICLOERGOMETRIA - PRUEBA   DE  ESFUERZO  ( INCLUYE ELECTRODOS )', 621.52),
	(874, '170117', 'REHABILIT.DEL CARDIOPATA X UN', 1126.68),
	(875, '170118', 'E.C.G. DE HOLTER -24 HORAS -  2  CANALES  O  MAS  -', 1057.91),
	(876, '170119', 'TILT-TEST', 414.35),
	(877, '170120', 'MONITOREO AMBULATORIO DE TENSION ARTERIAL (presurometría)    M. A. P. A.', 846.32),
	(878, '170121', 'CONTROL DE MARCAPASOS', 248.61),
	(879, '170201', 'ESTUIO ELECTROFISIOLOGICO DEL HAZ DE HISS', 4972.15),
	(880, '170202', 'ESTUDIO ELECTROFISIOLOGICO COMPLETO CARDIACO CON PRUEBAS TERAPEUTICAS Y DE ESTIMULACION', 8933.14),
	(881, '180101', 'ECOCARDIOGRAMA COMPLETO A M y B', 637.88),
	(882, '180102', 'ECOCARDIOGRAMA COMPLETO ', 637.88),
	(883, '180103', 'ECOCARDIOGRAMA COMPLETO CON', 637.88),
	(884, '180104', 'ECOGRAFIA TOCOGINECOLOGICA CON O SIN TRANSDUCTOR VAGINAL', 637.88),
	(885, '180106', 'ECOGRAFIA MAMARIA   UNI  O  BILATERAL', 637.88),
	(886, '180107', 'ECOGRAFIA CEREBRAL', 637.88),
	(887, '180109', 'ECOGRAFIA OFTALMOLOGICA UNI O BILATERAL', 637.88),
	(888, '180110', 'ECOGRAFIA TIROIDEA', 637.88),
	(889, '180111', 'ECOGRAFIA DE TESTICULOS', 637.88),
	(890, '180112', 'ECOGRAFIA COMPLETA DE ABDOMEN', 637.88),
	(891, '180113', 'ECOGRAFIA  HEPATOBILIAR, ESPLENICA O TORACICA', 637.88),
	(892, '180114', 'ECOGRAFIA DE VEJIGA O PROSTATA CON O SIN TRANSDUCTOR RECTAL', 637.88),
	(893, '180116', 'ECOGRAFIA RENAL BILATERAL', 637.88),
	(894, '180117', 'ECOGRAFIA AORTA ABDOMINAL DINAMICA Y ESTATICA', 637.88),
	(895, '180118', 'ECOGRAFIA PANCREATICA O SUPRARRENAL', 637.88),
	(896, '180121', 'ECOGRAFIA PARA LA AMNIOCENTESIS', 637.88),
	(897, '180122', 'ECOGRAFIAS DE MUSCULOS Y ARTICULACIONES', 637.88),
	(898, '180123', 'ECOGRAFIA ENDOCAVITARIA', 637.88),
	(899, '180124', 'DRENAJE DE COLECCIONES POR ECOGRAFIA', 2393.00),
	(900, '180201', 'ECO DOPPLER CARDIACO COLOR', 1230.20),
	(901, '180202', 'ECODOPPLER PERIFERICO COLOR', 1230.20),
	(902, '180203', 'ECODOPPLER COLOR CIRCULACION PORTAL-SUPRAHEPATICO-CAVA', 1230.20),
	(903, '180204', 'ECODOPPLER COLOR ESPLENICO-CAVA', 1230.20),
	(904, '180302', 'ECOCARDIOGRAMA DE STRESS FISICO Y/O FARMACOLOGICO', 376.34),
	(905, '180402', 'ECODOPPLER TRANSESOFAGICO', 1408.78),
	(906, '180501', 'ECODOPPLER   CARDIACO  FETAL  COLOR   -  ECODOPLER  COLOR  CIRCULACION  PLACENTARIA', 1230.20),
	(907, '180502', 'ECODOPPLER TRANSCRANEAL', 1230.20),
	(908, '180503', 'ECODOPPLER COLOR VASCULAR FETAL (CIRCULACION PLACENTARIA)', 1230.20),
	(909, '180504', 'ECODOPPLER VENOSO', 1230.20),
	(910, '190102', 'REGIMEN INDIVIDUAL  CON  CONFECCION  DEL  PLAN  NUTRICIONAL.  1  VEZ  POR  AÑO', 634.75),
	(911, '190103', 'CONTROL  DE  DIETA.   (  HASTA  6  CONTROLES  POSTERIORES  )  (  POR  C./  CONTROL  )', 124.30),
	(912, '200119', ' ESOFAGOSCOPIA CON INSTRUMENTAL', 1269.49),
	(913, '200120', 'ESOFAGOFIBROSCOPIA', 1269.49),
	(914, '200121', 'GASTROSCOPIA CON INSTRUMENTAL', 1269.49),
	(915, '200122', 'ESOFAGOGASTRODUODENOFIBROSCOPIA', 1174.28),
	(916, '200123', 'CANULACION ENDOSCOPICA DE PA.', 1407.02),
	(917, '200124', 'COLONOFIBROSCOPIA', 1639.76),
	(918, '200125', 'RECTOSIGMOIDOSCOPIA', 936.25),
	(919, '200126', 'RECTOSIGMOIDOFIBROSCOPIA', 1290.65),
	(920, '200127', 'ANOSCOPIA', 655.91),
	(921, '200128', 'DILATACION ESOFAGICA CON CONTROL ENDOSCOPICO POR CUALQUIER MECANISMO', 2808.76),
	(922, '200129', 'DILATACION ESOFAGICA CON BUJIAS POR SESION', 2808.76),
	(923, '200130', 'REDUCC.NO QUIRUR.DE LA INVAGI.', 1883.39),
	(924, '200131', 'REDUCC.MANUAL DEL RECTO DILAT.', 1883.39),
	(925, '200132', 'GASTROFIBROSCOPIA', 936.25),
	(926, '200133', 'ESCLEROSIS DE VARICES ESOFAGICAS', 5085.15),
	(927, '200134', 'POLIPECTOMIA ENDOSCOPICA GASTRICA (INCLUYE ANSA)', 5273.49),
	(928, '200135', 'POLIPECTOMIA ENDOSCOPICA COLONICA (INCLUYE ANSA)', 5273.49),
	(929, '200136', 'HEMOSTASIA DE LESIONES SANGRANTES CON A.E.T.', 5085.15),
	(930, '200137', 'HEMOSTASIA DE LESIONES SANGRANTES CON LIGADURA', 5085.15),
	(931, '200138', 'GASTROSTOMIA ENDOSCOPICA PERCUTANEA', 6301.82),
	(932, '200139', 'EXTRACCION DE CUERPO EXTRAÐO POR FIBROSC. PROGRAM.', 4859.14),
	(933, '200140', 'ESOFAGOGASTRO DUODENO FIBROS PEDIATRICA', 1318.37),
	(934, '200141', 'COLONOFIBROSCOPIA PEDIATRICA', 1883.39),
	(935, '200142', 'EXTR. DE CUERPO EXTRAÐO POR FIBROSC. PEDIATRICO', 4859.14),
	(936, '200143', 'ESCLEROSIS DE VARICES ESOF. PEDIATRICA CON A.E.T.', 5085.15),
	(937, '200144', 'HEMOSTASIA DE LESIONES SANG. PEDIATRICA CON LIGADURA', 5085.15),
	(938, '200145', 'POLIPECTOMIA COLONICA O GASTRICA PEDIATRICA', 5273.49),
	(939, '200146', 'COLANGIO RETROGRADA ENDOSCOPIACA PEDIATRICA', 5333.76),
	(940, '200147', 'GASTROTOMIA PERCUTANEA ENDOSC PEDIATRICA', 6301.82),
	(941, '200148', 'DILACION ESOFAGICA/COLONICA PEDIATRICA POR SESION', 6151.15),
	(942, '200201', 'COLANGIOPANCREATOGRAFIA RETROGRADA ENDOSCOPIC', 5318.69),
	(943, '200202', 'COLANGIOPANCREATOGRAFIA RETRO. ENDOSC. C/PAPILOTOMIA', 9416.95),
	(944, '200203', 'VIDEOENDOSCOPIA ALTA', 1318.37),
	(945, '200204', 'VIDEOENDOSCOPIA BAJA', 1883.39),
	(946, '220101', 'COLPOSCOPIA  TRAQUELOSCOPIA  ( POR CUALQUIER METODO )', 250.00),
	(947, '220108', 'VIDEO-COLPOSCOPIA', 355.73),
	(948, '220202', 'MONITOREO FETAL', 417.40),
	(949, '220203', 'PSICOPROFILAXIS DEL PARTO, METODO', 1476.25),
	(950, '250101', 'FISIOTERAPIA  -  KINESIOTERAPIA.  (   INCLUYE  CODIGO  250102   )', 140.00),
	(951, '250102', 'TERAPIA FISICA O KINESIOTERAPIA', 140.00),
	(952, '250104', 'REHABILITACION DEL LENGUAJE (POR SESION)', 174.45),
	(953, '260101', 'CURVA DE CAPTACION TIROIDEA                                                                                                                           ', 1233.20),
	(954, '260508', 'CENTELLOGRAMA OSEO UN AREA', 2731.22),
	(955, '260509', 'CENTELLOGRAMA OSEO CORPORAL TOTAL', 2809.99),
	(956, '260510', 'CENTELLOGRAFIA DE ARTICULACIONES INCL. ARTROC.', 2554.95),
	(957, '260511', 'CENTELLOGRAMA DE TIROIDES ', 1942.96),
	(958, '260512', 'CENTELLOGRAMA DE TIROIDES Y MEDIASTINO', 2962.85),
	(959, '260513', 'BARRIDO TOTAL (CARCINOMA TIROIDES) C/I 131', 2957.33),
	(960, '260538', 'BARRIDO TOTAL (CARCINOMA TIROIDES) C/SESTAMIB', 4303.96),
	(961, '260514', 'CENTELLOGRAMA DE PARATIROIDES                                                                                                                         ', 4014.08),
	(962, '260515', 'CETELLOGRAMA DE GLANDULAS SALIVARES', 1846.47),
	(963, '260516', 'CENTELLOGRAMA DE PULMON (PERFUSION)', 2352.66),
	(964, '260539', 'CENTELLOGRA DE PULMON (VENTILACION-PERFUSION)', 4232.97),
	(965, '260517', 'CENTELLOGRAMA HEPATICO', 2340.68),
	(966, '260520', 'CENTELLOGRAMA DE BAZO                                                                                                                                 ', 2352.66),
	(967, '260521', 'CENTELLOGRAMA RENAL BILATERAL', 2352.66),
	(968, '260524', 'CENTELLOGRAMA DE VIAS LINFATICAS', 3691.00),
	(969, '260526', 'ESTUDIO DINAMICO RENAL    ', 4107.26),
	(970, '260527', 'RADIOCARDIOGRAMA DE REPOSO', 2448.37),
	(971, '260540', 'RADIOCARDIOGRAMA DE REPOSOS Y ESFUERZO', 2663.39),
	(972, '260528', 'PERFUSION MIOCARDICA C/TC-99-MIBI', 5332.22),
	(973, '260529', 'FLEBOGRAFIA RADIOISOTOPICA', 2370.81),
	(974, '260531', 'DINAMICA DEL TRANSITO ESOFAGO GASTRICO', 2370.81),
	(975, '260532', 'DINAMICA TRANSITO INTESTINAL                                                                                                                          ', 2370.81),
	(976, '260533', 'DETECCION GANGLIO CENTINELA', 4256.53),
	(977, '260537', 'DENSITOMETRIA OSEA', 513.65),
	(978, '260601', 'SPECT CEREBRAL                                                                                                                                        ', 5354.54),
	(979, '270101', 'HEMODIALISIS CON RIÑOÑ ARTIF.', 2279.80),
	(980, '270103', 'DIALISIS PERITONEAL', 9529.95),
	(981, '270104', 'DIALISIS PERITONEAL CONTINUA AMBULATORIA', 14294.92),
	(982, '280101', 'ESPIROMETRIA FUNCION VENTILATORIA COMPUTARIZADA', 354.40),
	(983, '280102', 'ESPIROMETRIA ANTES Y DESPUES DE BRONCODILATADORES', 354.40),
	(984, '280103', 'BRONCOESPIROMETRIA', 173.27),
	(985, '280104', 'TRAQUEOSCOPIA', 199.64),
	(986, '280105', 'BRONCOSCOPIA CON INSTRUMENTAL', 1243.04),
	(987, '280106', 'BRONCOFIBROSCOPIA', 1200.73),
	(988, '280113', 'FIBROSCOPIA -LARINGOSCOPIA', 819.88),
	(989, '280115', 'TEST DE LA CAMINATA', 452.01),
	(990, '280201', 'FIBROSBRONCOSCOPIA CON VIDEOSCOPIA', 1243.04),
	(991, '280401', 'PRUEBA DE PROVOCACION BRONQUIAL CON METACOLINA', 376.68),
	(992, '280402', 'ESPIROMETRIA COMPUTARIZADA', 229.77),
	(993, '290101', 'ELECTROENCEFALOGRAFIA SIMPLE', 860.22),
	(994, '290102', 'ELECTROENCEFALOGRAFIA CON ACTIVACION COMPLEJA', 860.22),
	(995, '290103', 'NISTAGMOGRAFIA ELECTRORRETINOGRAFIA COMPUTADA', 860.22),
	(996, '290104', 'ELECTROMIOGRAFIA DE MIEMBROS SUPERIORES O INFERIORES O FACIAL  CON / SIN VELOCIDAD DE CONDUCCION', 860.22),
	(997, '290105', 'ELECTROMIOGRAMA DE CUATRO MIEMBROS', 1002.17),
	(998, '290106', 'ELECTROMIOGRAFIA CON VELOCIDAD', 860.22),
	(999, '290109', 'ELECTROENCEFALOGRAMA COMPUTARIZADO DE 8 CANALES', 1350.50),
	(1000, '290110', 'ELECTROENCEFALOGRAMA COMPUTARIZADO DE 21 CANALES', 1902.40),
	(1001, '290111', 'POTENCIALES EVOCADOS DE CUALQUIER VIA DE CONDUCCION O SENTIDO. ( C./ U. )', 602.68),
	(1002, '290112', 'POTENCIALES EVOCADOS AUDITIVOS', 414.69),
	(1003, '290113', 'POTENCIALES EVOCADOS VISUALES', 497.63),
	(1004, '290114', 'DOS O MAS POTENCIALES EVOCADOS', 602.68),
	(1005, '290128', 'MAPEO CEREBRAL', 1407.02),
	(1006, '290201', 'POLISOMNOGRAFIA CON OXIMETRIA EN NEONATOS (APNEA DEL SUEÑO)', 2278.90),
	(1007, '290202', 'POLISOMNOGRAFIA CON OXIMETRIA NOCTURNA EN ADULTOS CON CPAP INCLUYE CALIBRACION  DE CPAP Y OTROS', 3201.76),
	(1008, '300106', 'TONOMETRIA EN NIÑOS CON ANESTESIA', 1687.37),
	(1009, '300107', 'EJERCICIOS  ORTOPTICOS  ( POR SESION )', 112.14),
	(1010, '300108', 'GONIOSCOPIA', 375.56),
	(1011, '300109', 'CURVA TENSIONAL (CON INTERNACION)', 375.56),
	(1012, '300111', 'RETINOGRAFIA', 190.42),
	(1013, '300112', 'RETINOFRUORESCEINOGRAFIA BILATERAL', 375.56),
	(1014, '300113', 'RETINOFLUORESCEINOGRAFIA  UNILATERAL (INCLUYE FLUORESCEINA)', 1031.46),
	(1015, '300119', 'OFTALMOSCOPIA INDIRECTA BINOCULAR CON ESQUEMA DE FONDO DE OJO', 375.56),
	(1016, '300120', 'ESTUDIO DE FIJACION EN EL ESTRABISMO CON VISUSCOPIO', 375.56),
	(1017, '300123', 'CAMPIMETRIA COMPUTARIZADA A/OJOS', 1407.02),
	(1018, '300124', 'TOPOGRAFIA CORNEAL UNI O BILATERAL', 671.77),
	(1019, '300126', 'PAQUIMETRIA BILATERAL', 751.12),
	(1020, '300127', 'ECOMETRIA CALCULO DE LIO', 301.34),
	(1021, '300133', 'TOPOGRAFIA MAS PAQUIMETRIA', 828.69),
	(1022, '300206', 'TOMOGRAFIA CONFOCAL DEL NERVIO OPTICO', 1506.71),
	(1023, '300210', 'RECUENTO CELULAR ENDOTELIAL POR OJO', 489.68),
	(1024, '310101', 'ESTUDIO FUNCIONAL LABERINTICO', 846.33),
	(1025, '310102', 'AUDIOMETRIA', 354.40),
	(1026, '310103', 'LOGOAUDIOMETIA', 354.40),
	(1027, '310104', 'PRUEBAS SUPRALIMINARES  ', 470.77),
	(1028, '310105', 'SELECCION DE OTOAMPLIFONOS INCLUYE RADSTRONICS', 470.77),
	(1029, '310106', 'VIDEONISTAGMOGRAFIA', 565.02),
	(1030, '310107', 'TECNICA DE PROETZ', 846.33),
	(1031, '310117', 'OTOEMISION ACUSTICA', 437.40),
	(1032, '310109', 'IMPEDANCIOMETRIA', 285.64),
	(1033, '310110', 'EXAMEN FUNCIONAL DE NARIZ (RINOMANOMETRIA)', 375.56),
	(1034, '310111', 'EXTRACCION CUERPO EXTRAÑO EN OIDO O TAPON DE CERUMEN', 375.56),
	(1035, '310112', 'TAPONAMIENTO NASAL ANTERIOR', 285.64),
	(1036, '310113', 'TAPONAMIENTO NASAL ANTEROPOSTERIOR', 470.77),
	(1037, '310114', 'EXTRACCION DE CUERPO EXTRAÑO EN NARIZ', 285.64),
	(1038, '310115', 'CAUTERIZACION NARIZ', 375.56),
	(1039, '310123', 'RINO-SINUSO FIBROSCOPIA DIAGNOSTICA', 497.21),
	(1040, '310124', 'FARINGO LARINGO FIBROSCOPIA', 497.21),
	(1041, '330101', 'PSICOTERAPIAS INDIVIDUALES EN NIÑOS O ADULTOS (4 SESIONES POR MES HASTA 32 SESIONES ANUALES)', 350.00),
	(1042, '330106', 'PSICOMOTRICIDAD POR SESION', 131.84),
	(1043, '330107', 'PSICOPEDAGOGIA POR SESION', 131.84),
	(1044, '340101', 'RADIOSCOPIA SIMPLE', 143.74),
	(1045, '340102', 'RADIOSCOPIA CON INTENSIFICADOR DE IMAGEN', 340.52),
	(1046, '340103', 'RADIOSCOPIA CON CIRCUITO CERRADO DE TELEVISION', 340.52),
	(1047, '340104', 'ARCO EN C', 2636.74),
	(1048, '340201', 'Rx  DEL CRANEO, CARA, SENOS PARANASALES O CAVUM ( PRIMERA EXPOSICION )', 172.42),
	(1049, '340202', 'RX  DEL CRANEO,CARA SENOS PARANASALES O CAVUN ( EXPOSICIONES SUBSIGUIENTES )', 172.42),
	(1050, '340203', 'Rx TEMPORAL O AGUJEROS OPTICOS, COMPARATIVOS', 172.42),
	(1051, '340204', 'Rx ARTICULACION TEMPOROMANDIBULAR', 172.42),
	(1052, '340205', 'ORTOPANTOMOGRAFIA.(PANORAMICA DE CARA O CRANEO)', 225.00),
	(1053, '340206', 'POR EXPOS.SUBSIGUIENTE', 150.00),
	(1054, '340207', 'TELERRADIOGRAFIA DE CRANEO Y/O PERFIL FACIAL', 225.00),
	(1055, '340208', 'POR EXPOSICION SUBSIGUIENTE', 150.00),
	(1056, '340209', 'Rx DE RAQUIS (COLUMNA) ( PRIMERA EXPOSICION )', 172.42),
	(1057, '340210', 'RX DE RAQUIS ( COLUMNA )  ( EXPOSICIONES SUBSIGUIENTES )', 172.42),
	(1058, '340211', 'Rx DE HOMBRO,HUMERO,PELVIS,CADERA Y FEMUR (PRIMERA EXPOSICION ).', 172.42),
	(1059, '340212', 'RX DE HOMBRO, HUMERO, PELVIS, CADERA, FEMUR ( EXPOSICIONES SUBSIGUIENTES ).', 172.42),
	(1060, '340213', 'Rx DE ANTEBRAZO,CODO,MANO,RODILLA,PIE,PIERNA, TOBILLO Y PIE (COMPRENDE 2 EXPOSICIONES ).', 172.42),
	(1061, '340214', 'MEDICION COMPARATIVA DE MIEMBROS INFERIORES EN ESPINOGRAFO', 190.42),
	(1062, '340214', 'MEDICION COMPARATIVA DE MIEMBROS INFERIORES POR TAC', 1050.42),
	(1063, '340215', 'Rx AMPLIADA O MACRORRADIOGRAFIA', 153.40),
	(1064, '340216', 'ARTROGRAFIA ', 153.40),
	(1065, '340217', 'POR EXPOSICION SUBSIGUIENTE', 153.40),
	(1066, '340218', 'ESPINOGRAFIA', 622.04),
	(1067, '340301', 'Rx TORAX  ( TELE ).', 153.40),
	(1068, '340302', 'RX TORAX  ( EXPOSICIONES SUBSIGUIENTES )', 153.40),
	(1069, '340303', 'BRONCOGRAFIA', 192.11),
	(1070, '340304', 'NEUMOMEDIASTINO ', 143.14),
	(1071, '340401', 'SIALOGRAFIA ', 227.45),
	(1072, '340402', 'ESOFAGO -ESTUDIO SERIADO DE LA DEGLUCION-', 908.82),
	(1073, '340403', 'Rx SERIADA GASTRODUODENAL', 908.82),
	(1074, '340404', 'Rx SERIADA GASTRODUODENAL, TECNICA DOBLE CONTRASTE', 908.82),
	(1075, '340405', 'Rx SERIADA ESOFAGOGASTRODUODENAL', 908.82),
	(1076, '340406', 'DUODENOGRAFIA HIPOTONICA ', 908.82),
	(1077, '340407', 'Rx TRANSITO INTESTINO DELGADO O COLON', 908.82),
	(1078, '340408', 'Rx SERIADA ILEOCECOAPENDICULAR', 908.82),
	(1079, '340409', 'RX COLON POR ENEMA Y EVACUADO', 908.82),
	(1080, '340410', 'RX COLON POR ENEMA Y EVACUADO', 908.82),
	(1081, '340411', 'RX COLON POR ENEMA EVACUADO E', 908.82),
	(1082, '340412', 'Rx COLON POR ENEMA EVACUADO Y  DOBLE CONTRASTE', 908.82),
	(1083, '340413', 'COLECISTOGRAFIA ORAL INCLUYE PRUEBA DE EVACUACION', 908.82),
	(1084, '340414', 'COLECISTOGRAFIA ENDOVENOSA INCLUYE PRUEBA DE EVACUACION', 650.62),
	(1085, '340415', 'COLANGIOGRAFIA ENDOVENOSA ', 613.59),
	(1086, '340416', 'COLANGIOGRAFIA OPERATORIA ', 269.77),
	(1087, '340417', 'COLANGIOGRAFIA OPERATORIA POR', 89.92),
	(1088, '340418', 'FISTULOCOLANGIOGRAFIA COLANGIOGRAFIA POSOPERATORIA', 705.00),
	(1089, '340419', 'COLANGIOGRAFIA RETROGRADA POR FIBROSCOPIA', 705.00),
	(1090, '340420', 'NEUMOPERITONEOGRAFIA RETRONEUMOPERITONEOGRAFIA', 269.77),
	(1091, '340421', 'Rx SIMPLE DE ABDOMEN', 133.12),
	(1092, '340422', 'POR EXPOSICION SUBSIGUIENTE', 111.18),
	(1093, '340423', 'ESTUDIO DE LA DEGLUCION Y DINAMICA DE LA', 558.38),
	(1094, '340424', 'COLANGIOGRAFIA TRANSPARIETOHEPATICA', 558.38),
	(1095, '340501', 'Rx SIMPLE DE ARBOL URINARIO', 169.27),
	(1096, '340502', 'UROGRAMA EXCRETOR PIELOGRAFIA DESCENDENTE', 705.00),
	(1097, '340503', 'UROGRAMA EXCRETOR CON ESTUDIO VESICAL PRE Y POSMICCIONAL', 879.51),
	(1098, '340504', 'UROGRAMA MINUTADO O POR GOTEO PIELOGRAFIA POR PERFUSION', 879.51),
	(1099, '340505', 'PIELOGRAFIA ASCENDENTE', 750.00),
	(1100, '340506', 'POR EXPOSICION SUBSIGUIENTE', 140.25),
	(1101, '340507', 'CISTOURETROGRAFIA MICCIONAL  PARA INVESTIGAR REFLUJO VESICO-URETERAL.', 830.46),
	(1102, '340508', 'CISTOURETROGRAFIA POR ESTUDIO DE INCONTINENCIA', 830.46),
	(1103, '340601', 'MAMOGRAFIA, SENOGRAFIA (INCLUYE PROYECCION AXILAR)', 1126.98),
	(1104, '340604', 'HISTEROSALPINGOGRAFIA CON PRUEBA DE COTTE', 703.51),
	(1105, '340904', 'DACRIOCISTOGRAFIA', 470.77),
	(1106, '341001', 'T.A.C. CEREBRAL', 1770.97),
	(1107, '341002', 'T.A.C.CEREBRAL REFORZADA', 1770.97),
	(1108, '341003', 'TAC CEREBRAL DE CONTROL', 1770.97),
	(1109, '341004', 'T.A.C.OFTALMOLOGICA', 1770.97),
	(1110, '341005', 'T.A.C.TIROIDEA', 1770.97),
	(1111, '341006', 'T.A.C.MAMARIA', 1770.97),
	(1112, '341007', 'T.A.C.GINECOLOGICA', 1770.97),
	(1113, '341008', 'T.A.C.COMPLETA DE ABDOMEN ', 1770.97),
	(1114, '341009', 'T.A.C.HEPATOBILIAR ESPLENICA PANCREATICA', 1770.97),
	(1115, '341010', 'T.A.C TORACICA', 1770.97),
	(1116, '341011', 'T.A.C.VEJIGA Y PROSTATA', 1770.97),
	(1117, '341012', 'T.A.C.OTROS ORGANOS Y REGIONES', 1770.97),
	(1118, '341013', 'T.A.C. DE COLUMNA', 1770.97),
	(1119, '341014', 'PUNCION  BIOPSIA  GUIADA  POR  TAC', 2127.73),
	(1120, '341021', 'DRENAJE DE COLECCIÓN GUIADA POR TAC', 6334.41),
	(1121, '341102', 'TAC MULTICORTE CUALQUIER AREA', 7533.56),
	(1122, '341201', 'DENSITOMETRIA OSEA ', 600.00),
	(1123, '341202', 'RESONANCIA MAGNETICA DE CEREBRO', 2843.40),
	(1124, '341203', 'RESONANCIA MAGNETICA DE COLUMNA', 2843.40),
	(1125, '341204', 'RESONANCIA MAGNETICA DE CUELLO', 2843.40),
	(1126, '341205', 'RESONANCIA MAGNETICA DE TORAX', 2843.40),
	(1127, '341206', 'RESONANCIA MAGNETICA DE ABDOMEN', 2843.40),
	(1128, '341207', 'RESONANCIA MAGNETICA DE PELVIS', 2843.40),
	(1129, '341208', 'RESONANCIA MAGNETICA DE MIEMBROS', 2843.40),
	(1130, '341209', 'RESONANCIA MAGNETICA DE RODILLA', 2448.41),
	(1131, '341210', 'RESONANCIA MAGNETICA DE HOMBRO', 2448.41),
	(1132, '341216', 'ANGIORESONANCIA ', 3578.44),
	(1133, '341217', 'COLANGIORRESONANCIA', 3578.44),
	(1134, '360101', 'URETROCISTOSCOPIA CON INSTRUM.', 936.25),
	(1135, '360102', 'URETROCISTOFIBROSCOPIA', 1200.73),
	(1136, '360108', 'URETROCISTOURETEROFIBROSCOPIA CON VIDEOSCOPIA', 1160.17),
	(1137, '360109', 'UROFLUJOMETRIA', 286.28),
	(1138, '360111', 'ESTUDIO URODINAMICO COMPLETO', 941.69),
	(1139, '360112', 'PENOSCOPIA', 232.74),
	(1140, '400101', 'UTI ARANCEL GLOB.P/24 HS.', 6150.95),
	(1141, '400102', 'INTERNACION UTI CON A.R.M. COMPLEJA', 7257.20),
	(1142, '400105', 'UTI NEO/PED C/ARM C/RESPIRADOR DE ALTA FREC.', 8487.40),
	(1143, '410101', 'UCI ARANCEL GLOBAL P/24 HS.', 4674.80),
	(1144, '420101', 'CONSULTA  EN  CONSULTORIO', 228.69),
	(1145, '420102', 'CONSULTA ESPECIALISTA', 246.05),
	(1146, '420110', 'CONSULTA OCOHEMATOLOGIA & NEUROLOGIA PEDIATRICA ', 295.30),
	(1147, '420201', 'CONSULTA DIFERENCIADA', 318.95),
	(1148, '420303', 'INTERCONSULTA EN INTERNACIÓN ', 368.15),
	(1149, '420132', 'CONSULTA DE GUARDIA ', 210.55),
	(1150, '423007', 'CONSULTA VESTIDA OFTALMOLOGICA', 243.00),
	(1151, '430101', 'UNA CAMA EN HABITACION DE DOS', 3198.50),
	(1152, '430102', 'CAMA PARA ACOMPAÑANTE EN HAB', 1106.25),
	(1153, '430106', 'INTERNACION BREVE', 1598.35),
	(1154, '430201', 'CURACION DE CATETER PARA QUIMIO.', 263.67),
	(1155, '470205', 'ADICIONAL URGENCIAS QUIRURGICAS', 2733.75),
	(1156, '470206', 'MODULO DE QUIMIOTERAPIA AMBULATORIA', 2733.75),
	(1157, '470207', 'MODULO DE QUIMIOTERAPIA CON INTERNACION 24 HS', 2733.75),
	(1158, '480101', 'UTI PEDIATRICA CADA 24 HS', 6150.95),
	(1159, '480102', 'TERAPIA INTERMEDIA PEDIATRICA', 4674.80),
	(1160, '480103', 'INT.PISO PEDIATRICA Y NEONATOLOGICA', 3198.50),
	(1161, '480104', 'ACOMPAÑANTE MENOR DE 12 AÑOS', 1106.25),
	(1162, '480105', 'UTI PEDIATRICA Y NEONATOLÓGICA CON ARM', 7257.20),
	(1163, '0', 'DESCRIPCION BIOQUIMICA U.B. ', 15.15);
/*!40000 ALTER TABLE `practica` ENABLE KEYS */;


-- Volcando estructura para tabla nuova.prestadores
CREATE TABLE IF NOT EXISTS `prestadores` (
  `prestador_id` int(11) NOT NULL AUTO_INCREMENT,
  `nombre` varchar(256) COLLATE utf8_bin DEFAULT NULL,
  `domicilio` varchar(512) COLLATE utf8_bin DEFAULT NULL,
  `telefono` varchar(15) COLLATE utf8_bin DEFAULT NULL,
  `provincia` varchar(256) COLLATE utf8_bin DEFAULT NULL,
  PRIMARY KEY (`prestador_id`),
  KEY `prestador_id` (`prestador_id`)
) ENGINE=InnoDB AUTO_INCREMENT=13 DEFAULT CHARSET=utf8 COLLATE=utf8_bin;

-- Volcando datos para la tabla nuova.prestadores: ~10 rows (aproximadamente)
DELETE FROM `prestadores`;
/*!40000 ALTER TABLE `prestadores` DISABLE KEYS */;
INSERT INTO `prestadores` (`prestador_id`, `nombre`, `domicilio`, `telefono`, `provincia`) VALUES
	(1, 'MENDEZ COLLADO', ' Muñecas 444, San Miguel de Tucumán, Tucumán', '0381 421-7000', 'Tucumán'),
	(2, 'DIAGNOSTICO GAMA', 'Maipú 749, 4000 San Miguel de Tucumán, Tucumán', '0381 439-5555', 'Tucumán'),
	(4, 'Prestador Test 1', 'asd adad asd ad ad asd ad ad ad ad ad a dad asdsa daad adsa d ad adsa aasdada adsd ', '444444444', 'Tucumán'),
	(6, 'Prestador Test 3', 'asdasd ad asd as d dd ad a ', '46546465', 'Tucumán'),
	(7, 'Prestador Test 4', 'asdas dasd asd sad asdad ada d sad sada ', '6465465', 'Tucumán'),
	(8, 'Prestador Test 5', 'asdsa dasd asd asd ada sda d asd asd asdad ad adad ada d da da ', '0381155867919', 'Tucumán'),
	(9, 'Prestador Test 6', 'asdas das dasd asdsa dadsadsa dasasdasdasdsa dasd as', '4454545454', 'Tucumán'),
	(10, 'Prestador Test 7', 'adsdsdas dsa ad asdadasd asd asd ads a', '654654654654', 'Tucumán'),
	(11, 'Prestador Test 9', 'asdsa ad asd adads asda dad ad ', '6654654', 'Tucumán'),
	(12, 'MENDEZ COLLADO', 'MUÑECAS 000', '546546464', 'Tucumán');
/*!40000 ALTER TABLE `prestadores` ENABLE KEYS */;


-- Volcando estructura para tabla nuova.profesional
CREATE TABLE IF NOT EXISTS `profesional` (
  `profesional_id` int(11) NOT NULL AUTO_INCREMENT,
  `apellido` varchar(256) COLLATE utf8_bin DEFAULT '0',
  `nombre` varchar(256) COLLATE utf8_bin DEFAULT '0',
  `telefono` varchar(56) COLLATE utf8_bin DEFAULT '0',
  `matricula` varchar(256) COLLATE utf8_bin DEFAULT '0',
  `registro_nacional` varchar(256) COLLATE utf8_bin DEFAULT '0',
  `titulo_profesional` varchar(256) COLLATE utf8_bin DEFAULT '0',
  `habilitacion_siprosa` tinyint(4) DEFAULT '0',
  `fecha_vencimiento_habilitacion` date DEFAULT '0000-00-00',
  `nro_registro` int(11) DEFAULT NULL,
  `valido_hasta` date DEFAULT NULL,
  `fecha_emision_matricula` date DEFAULT NULL,
  `nro_libro` int(11) DEFAULT NULL,
  `nro_folio` int(11) DEFAULT NULL,
  `nro_poliza` int(11) DEFAULT NULL,
  `vigencia_desde` date DEFAULT NULL,
  `vigencia_hasta` date DEFAULT NULL,
  `tipo_matricula` varchar(256) COLLATE utf8_bin DEFAULT NULL,
  PRIMARY KEY (`profesional_id`),
  KEY `id` (`profesional_id`)
) ENGINE=InnoDB AUTO_INCREMENT=16 DEFAULT CHARSET=utf8 COLLATE=utf8_bin;

-- Volcando datos para la tabla nuova.profesional: ~3 rows (aproximadamente)
DELETE FROM `profesional`;
/*!40000 ALTER TABLE `profesional` DISABLE KEYS */;
INSERT INTO `profesional` (`profesional_id`, `apellido`, `nombre`, `telefono`, `matricula`, `registro_nacional`, `titulo_profesional`, `habilitacion_siprosa`, `fecha_vencimiento_habilitacion`, `nro_registro`, `valido_hasta`, `fecha_emision_matricula`, `nro_libro`, `nro_folio`, `nro_poliza`, `vigencia_desde`, `vigencia_hasta`, `tipo_matricula`) VALUES
	(3, 'LOPEZ', 'JULIO ARMANDO', '4877585', '23324', '8787', 'Ejemplo titutulo', 1, '2015-12-18', NULL, NULL, NULL, NULL, NULL, NULL, NULL, NULL, NULL),
	(12, 'DIAZ POLIZZI', 'ANGEL ROBERTO', '0381400000', '7394', NULL, 'MEDICO', 0, NULL, 325456, '2016-03-08', '2016-03-08', 5465, 242, 5646, '2016-03-04', '2016-03-10', NULL),
	(15, 'VIRGILLITO', 'WALTER ALFREDO', '154098820', '6948', NULL, 'MEDICO', 0, NULL, 248419, '2017-02-07', '2016-03-16', 15, 453, 850468, '2015-09-30', '2016-09-30', NULL);
/*!40000 ALTER TABLE `profesional` ENABLE KEYS */;


-- Volcando estructura para tabla nuova.profesional_especialidad
CREATE TABLE IF NOT EXISTS `profesional_especialidad` (
  `id` int(11) NOT NULL AUTO_INCREMENT,
  `profesional_id` int(11) DEFAULT '0',
  `especialidad_id` int(11) DEFAULT '0',
  PRIMARY KEY (`id`),
  KEY `FK_profesionales_especialidades_profesionales` (`profesional_id`),
  KEY `FK_profesionales_especialidades_especialidades` (`especialidad_id`),
  CONSTRAINT `FK_profesionales_especialidades_especialidades` FOREIGN KEY (`especialidad_id`) REFERENCES `especialidad` (`especialidad_id`),
  CONSTRAINT `FK_profesionales_especialidades_profesionales` FOREIGN KEY (`profesional_id`) REFERENCES `profesional` (`profesional_id`)
) ENGINE=InnoDB AUTO_INCREMENT=91 DEFAULT CHARSET=utf8 COLLATE=utf8_bin;

-- Volcando datos para la tabla nuova.profesional_especialidad: ~2 rows (aproximadamente)
DELETE FROM `profesional_especialidad`;
/*!40000 ALTER TABLE `profesional_especialidad` DISABLE KEYS */;
INSERT INTO `profesional_especialidad` (`id`, `profesional_id`, `especialidad_id`) VALUES
	(88, 12, 1),
	(90, 15, 2);
/*!40000 ALTER TABLE `profesional_especialidad` ENABLE KEYS */;
/*!40101 SET SQL_MODE=IFNULL(@OLD_SQL_MODE, '') */;
/*!40014 SET FOREIGN_KEY_CHECKS=IF(@OLD_FOREIGN_KEY_CHECKS IS NULL, 1, @OLD_FOREIGN_KEY_CHECKS) */;
/*!40101 SET CHARACTER_SET_CLIENT=@OLD_CHARACTER_SET_CLIENT */;
